skill_id,skill_name,class_id,tier,type,cost_mp,cost_hp,cooldown_s,startup_f,active_f,recovery_f,hit_interval_f,hitbox,range_m,angle_deg,damage_mult,damage_type,hits,hitstun_f,knockback_m,launch_v,status,armor,invincible_f,sweep,intercept,channel,cancel_min_tier,jump_cancel,special,notes,learn_level,acq_type,animation,vfx,sound
BMG_BAS_001,矛击一段,BMG,BAS,basic,0,0,0,9,3,12,-,fan:r2.6:a90,2.8,90,0.30,phys,1,12,0,-,none,none,-,0,0,0,any,0,-,GDD14.1.4,1,normal,AM_BMG_BAS_001,VX_BMG_BAS_001_HIT,SD_BMG_BAS_001_HIT
BMG_BAS_002,矛击二段,BMG,BAS,basic,0,0,0,9,3,12,-,fan:r2.6:a90,2.8,90,0.32,phys,1,12,0,-,none,none,-,0,0,0,any,0,-,GDD14.1.4,1,normal,AM_BMG_BAS_002,VX_BMG_BAS_002_HIT,SD_BMG_BAS_002_HIT
BMG_BAS_003,矛击三段,BMG,BAS,basic,0,0,0,10,3,13,-,fan:r2.6:a90,2.8,90,0.36,phys,1,14,0,-,none,none,-,0,0,0,any,0,-,-,1,normal,AM_BMG_BAS_003,VX_BMG_BAS_003_HIT,SD_BMG_BAS_003_HIT
BMG_BAS_004,矛击四段,BMG,BAS,basic,0,0,0,11,3,14,-,fan:r2.6:a90,2.8,90,0.42,phys,1,14,0,-,none,none,-,0,0,0,any,0,-,-,1,normal,AM_BMG_BAS_004,VX_BMG_BAS_004_HIT,SD_BMG_BAS_004_HIT
BMG_BAS_005,矛击五段,BMG,BAS,basic,0,0,0,14,4,18,-,fan:r2.6:a100,2.8,100,0.55,phys,1,20,2.0,-,none,none,-,0,0,0,any,0,-,收尾段,1,normal,AM_BMG_BAS_005,VX_BMG_BAS_005_HIT,SD_BMG_BAS_005_HIT
BMG_T1_001,天击,BMG,T1,active,35,0,6,12,4,16,-,fan:r2.6:a100,2.6,100,0.82,magic,1,0,0,7.5,none,none,-,0,0,0,T1+,0,炫纹:光;起浮标准参照技,对空判定优,1,normal,AM_BMG_T1_001,VX_BMG_T1_001_HIT,SD_BMG_T1_001_HIT
BMG_T1_002,龙牙,BMG,T1,active,30,0,5,10,3,14,-,box:0.8x0.8x2.4,2.4,-,0.80,phys,1,16,0,-,none,none,-,0,0,0,T1+,0,突进:1.5m;炫纹:无属性,直刺,5,normal,AM_BMG_T1_002,VX_BMG_T1_002_HIT,SD_BMG_T1_002_HIT
BMG_T1_003,连突,BMG,T1,active,40,0,6,10,6,16,3,box:0.8x0.8x2.6,2.6,-,0.42,phys,2,14,0,-,bleed:60:4s@50%,none,none,0,0,0,T1+,0,炫纹:冰;同部位命中50%出血,两连刺,10,normal,AM_BMG_T1_003,VX_BMG_T1_003_HIT,SD_BMG_T1_003_HIT
BMG_T1_004,落花掌,BMG,T1,active,40,0,4,14,4,16,-,box:1.2x1.2x5,4.5,-,0.84,phys,1,0,3.0,-,none,none,-,0,0,0,none,0,吹飞;炫纹:火,直线正面;全职业最短CD档,15,normal,AM_BMG_T1_004,VX_BMG_T1_004_HIT,SD_BMG_T1_004_HIT
BMG_T1_005,法力护盾,BMG,T1,buff,40,0,15,8,6s,10,-,none,-,-,0,none,-,0,0,-,none,none,-,0,0,0,any,0,伤害转MP:30%,防御资源技,25,job_change,AM_BMG_T1_005,VX_BMG_T1_005,SD_BMG_T1_005
BMG_T1_006,炫纹发射,BMG,T1,active,0,0,3,4,-,6,-,proj:20m/s:追踪,20,-,0.70,magic,-,0,0,-,none,none,-,0,0,0,any,0,追踪:90°/s:无法躲闪;炫纹增益20s,每枚炫纹一发0.20倍率弹；增益按枚数（GDD14.1.3）,20,job_change,AM_BMG_T1_006,VX_BMG_T1_006_HIT,SD_BMG_T1_006_HIT
BMG_T2_001,圆舞棍,BMG,T2,active,70,0,11,12,-,18,-,circle:r3.0,3.0,-,1.15,phys,1,0,2.0,-,none,none,-,1,0,0,T2+,1,强制倒地;受身无效;炫纹:暗,全向；弧度>180°伤害+10%,20,job_change,AM_BMG_T2_001,VX_BMG_T2_001_HIT,SD_BMG_T2_001_HIT
BMG_T2_002,蛟龙出海,BMG,T2,active,65,0,12,14,-,16,-,fan:r4:a120,4.0,120,1.13,magic,1,14,0,-,slow:30%:3s,none,none,0,0,0,T2+,0,水花魔法斗气,配合风卷流云出云雾,25,job_change,AM_BMG_T2_002,VX_BMG_T2_002_HIT,SD_BMG_T2_002_HIT
BMG_T2_003,幻影龙牙,BMG,T2,active,75,0,13,12,12,16,3,box:0.8x0.8x2.4,2.4,-,0.28,phys,5,14,0,-,none,none,-,0,0,0,T2+,0,幻影:2-5段:手速判定,段数由输入精度决定；失误幻影消散,30,job_change,AM_BMG_T2_003,VX_BMG_T2_003_HIT,SD_BMG_T2_003_HIT
BMG_T3_001,强龙压,BMG,T3,active,100,0,25,18,5,22,-,box:1.2x1.0x3.0,3.0,-,1.98,phys,1,0,0,-,none,none,-,1,0,0,T3+,0,强制倒地;受身无效,判定极强（原著50级）,50,job_change,AM_BMG_T3_001,VX_BMG_T3_001_HIT,SD_BMG_T3_001_HIT
BMG_T3_002,百龙流星打,BMG,T3,active,110,0,26,14,24,22,3,fan:r2.8:a110,2.8,110,0.28,phys,8,10,0,-,none,none,-,0,0,0,T3+,0,系统辅助:攻速+30%:持续,末段击退2m,45,job_change,AM_BMG_T3_002,VX_BMG_T3_002_HIT,SD_BMG_T3_002_HIT
BMG_T3_003,怒龙穿心,BMG,T3,active,105,0,25,14,3,20,-,box:0.8x0.8x3.0,3.0,-,2.03,phys,1,30,0,-,none,none,-,0,0,0,T3+,0,对空:×1.15,形似直刺剜心口,55,job_change,AM_BMG_T3_003,VX_BMG_T3_003_HIT,SD_BMG_T3_003_HIT
BMG_T4_001,豪龙破军,BMG,T4,active,170,0,55,18,4,8,-,box:1.0x1.0x4.0,4.0,-,2.72,phys,1,30,1.5,-,none,none,-,0,0,0,T4+,0,部位结算:头部×1.5;收招极快,GDD-GAP:表列后摇22f与要点8f冲突，取8f,65,job_change,AM_BMG_T4_001,VX_BMG_T4_001_HIT,SD_BMG_T4_001_HIT
BMG_T4_002,风卷流云,BMG,T4,active,150,0,50,16,2s,20,12,circle:r3.5,3.5,-,0.26,magic,10,10,0,-,slow:40%,none,none,0,0,0,T4+,0,配合蛟龙出海:云雾视野,旋转战矛带气流,75,job_change,AM_BMG_T4_002,VX_BMG_T4_002_HIT,SD_BMG_T4_002_HIT
BMG_T4_003,斗破山河,BMG,T4,active,150,0,50,20,-,22,-,circle:r2.5,2.5,-,2.55,magic,1,30,0,-,none,none,-,0,0,0,T4+,0,延迟:0.8s;隐蔽爆发,矛插地传输斗气间接袭击,75,job_change,AM_BMG_T4_003,VX_BMG_T4_003_HIT,SD_BMG_T4_003_HIT
BMG_U_001,伏龙翔天,BMG,U,active,280,0,120,30,10,28,-,box:1.2x2.0x8.0,8.0,-,2.25,magic,2,40,0,-,none,SA:30-40f,-,0,0,0,none,0,抓取;二段:物理+魔法;龙抬头微操;多目标,一段1.60刺杀+二段1.40魔法爆炸；方向可操；v0.4压线：有效倍率6.00→4.50（U档单发≤35% HP 红线）,70,job_change,AM_BMG_U_001,VX_BMG_U_001_HIT,SD_BMG_U_001_HIT
BMG_PAS_001,斗者意志,BMG,PAS,passive,0,0,0,-,-,-,-,none,-,-,0,none,-,0,0,-,none,none,-,0,0,0,-,0,连击阶段强化,10/20/30/40/50/60/120连→攻速+3~24% 移速+2~24% ATK+2~15%,50,awakening,AM_BMG_PAS_001,VX_BMG_PAS_001,SD_BMG_PAS_001
ELE_BAS_001,法术弹,ELE,BAS,basic,0,0,0,8,1,10,-,proj:28m/s:25m,25,-,0.30,magic,1,10,0,-,none,none,-,0,1,0,any,0,-,GDD14.2.4,1,normal,AM_ELE_BAS_001,VX_ELE_BAS_001_HIT,SD_ELE_BAS_001_HIT
ELE_T1_001,元素之力,ELE,T1,active,50,0,10,30,3s,16,20,circle:r6.0,6.0,-,0.74,magic,-,0,0,7.0,none,none,-,0,0,1,none,0,吟唱;持续浮空场;24职业挑空最慢但范围最大,持续3s群挑空,1,normal,AM_ELE_T1_001,VX_ELE_T1_001_HIT,SD_ELE_T1_001_HIT
ELE_T1_002,光电环,ELE,T1,active,40,0,5,6,-,8,-,circle:r3.0,3.0,-,0.80,light,1,12,0,-,paralysis:0.5s,none,none,0,0,0,T1+,0,发动超快,身遭电光环,5,normal,AM_ELE_T1_002,VX_ELE_T1_002_HIT,SD_ELE_T1_002_HIT
ELE_T1_003,火焰爆弹,ELE,T1,active,40,0,5,12,-,12,-,proj:30m/s:22m,22,-,0.84,fire,1,12,0.5,-,burn:60:4s,none,none,0,0,1,T1+,0,-,火系,10,normal,AM_ELE_T1_003,VX_ELE_T1_003_HIT,SD_ELE_T1_003_HIT
ELE_T1_004,冰霜雪球,ELE,T1,active,45,0,7,14,-,14,-,proj:22m/s:20m,20,-,0.86,ice,1,14,0.5,-,slow:30%,none,none,0,0,1,T1+,0,-,冰系,10,normal,AM_ELE_T1_004,VX_ELE_T1_004_HIT,SD_ELE_T1_004_HIT
ELE_T2_001,暗夜飞影,ELE,T2,active,60,0,12,14,-,14,-,proj:26m/s:18m,18,-,1.05,dark,1,14,0,-,forcespin:180°,none,none,0,0,1,T2+,0,强制目标转身180°,暗系特殊效果,25,job_change,AM_ELE_T2_001,VX_ELE_T2_001_HIT,SD_ELE_T2_001_HIT
ELE_T2_002,烈焰冲击,ELE,T2,active,70,0,6,16,-,14,-,circle:r2.5:延迟0,2.5,-,1.20,fire,1,0,0,7.0,none,none,-,0,0,0,T2+,0,目标脚下火法阵;浮空,爆发力强,20,job_change,AM_ELE_T2_002,VX_ELE_T2_002_HIT,SD_ELE_T2_002_HIT
ELE_T2_003,暴风雪,ELE,T2,active,80,0,8,16,3s,16,18,circle:r4.5,4.5,-,1.00,ice,-,10,0,-,slow:40%,none,none,0,0,0,T2+,0,-,原著CD8s,20,job_change,AM_ELE_T2_003,VX_ELE_T2_003_HIT,SD_ELE_T2_003_HIT
ELE_T2_004,冰墙,ELE,T2,deploy,70,0,14,14,8s,14,-,wall:6m:600HP,6.0,-,0,ice,-,0,0,-,none,none,-,0,0,0,-,0,部署;可控碎裂(爆裂0.60),挡弹道分割战场,35,job_change,AM_ELE_T2_004,VX_ELE_T2_004,SD_ELE_T2_004
ELE_T2_005,火墙,ELE,T2,deploy,70,0,13,14,5s,14,-,wall:5m:-,5.0,-,1.00,fire,-,10,0,-,burn:30:持续,none,none,0,0,0,-,0,部署,火系墙,30,job_change,AM_ELE_T2_005,VX_ELE_T2_005_HIT,SD_ELE_T2_005_HIT
ELE_PAS_001,移动施法,ELE,PAS,passive,0,0,0,-,-,-,-,none,-,-,0,none,-,0,0,-,none,none,-,0,0,0,-,0,移动中可吟唱:移速50%,转职被动,30,job_change,AM_ELE_PAS_001,VX_ELE_PAS_001,SD_ELE_PAS_001
ELE_T3_001,烈焰风暴,ELE,T3,active,110,0,25,18,4s,18,12,circle:r5.0,5.0,-,1.50,fire,-,10,0,-,burn:45:持续,none,none,0,0,0,T3+,0,-,原著60级火海,60,job_change,AM_ELE_T3_001,VX_ELE_T3_001_HIT,SD_ELE_T3_001_HIT
ELE_T3_002,冰线,ELE,T3,active,95,0,24,14,3s,14,-,line:12m:宽1.5,12.0,-,0,ice,-,0,0,-,freeze:4s@100%,none,none,0,0,0,-,0,结界;触碰100%冻结4s;不可跃过;存留12s;画线处不能有单位,每场限1条,40,job_change,AM_ELE_T3_002,VX_ELE_T3_002,SD_ELE_T3_002
ELE_T3_003,魔法禁锢,ELE,T3,active,85,0,22,12,-,12,-,proj:28m/s:18m,18,-,1.55,dark,1,12,0,-,silence:4s:仅法术,none,none,0,0,1,T3+,0,打断吟唱,暗系,35,job_change,AM_ELE_T3_003,VX_ELE_T3_003_HIT,SD_ELE_T3_003_HIT
ELE_T3_004,瞬间移动,ELE,T3,active,90,0,25,4,-,8,-,self,8.0,-,0,none,-,0,0,-,none,none,-,0,0,0,any,0,瞬发位移:打断难度高,光系高阶,45,job_change,AM_ELE_T3_004,VX_ELE_T3_004,SD_ELE_T3_004
ELE_T4_001,雷光炼狱,ELE,T4,active,160,0,55,20,-,22,-,circle:r2.0:6道,2.0,-,0.48,light,6,20,0,-,paralysis:0.5s,none,none,0,0,0,T4+,0,引导:首道命中后其余自动追踪,原著75级六道雷光,75,job_change,AM_ELE_T4_001,VX_ELE_T4_001_HIT,SD_ELE_T4_001_HIT
ELE_T4_002,天雷地火,ELE,T4,active,165,0,55,22,4s,24,24,circle:r5.0,5.0,-,0.56,light,5,20,0,-,burn:30:持续,none,none,0,0,0,T4+,0,双属性:光+火;落点手动操控,原著70级,70,job_change,AM_ELE_T4_002,VX_ELE_T4_002_HIT,SD_ELE_T4_002_HIT
ELE_T4_003,全神贯注,ELE,T4,buff,90,0,45,10,-,10,-,none,-,-,0,none,-,0,0,-,none,none,-,0,0,0,any,0,下一个法术必然瞬发,状态技,50,job_change,AM_ELE_T4_003,VX_ELE_T4_003,SD_ELE_T4_003
ELE_U_001,绝对零度,ELE,U,active,280,0,120,36,-,26,-,circle:r4.0,4.0,-,1.20,ice,1,0,0,-,freeze:8s:结界,SSA:0-36f,-,0,0,0,none,0,吟唱;空间结界:无弹道时间;冻结期伤害递减×0.88,24职业冰系之最（原著）,75,job_change,AM_ELE_U_001,VX_ELE_U_001_HIT,SD_ELE_U_001_HIT
SUM_BAS_001,魔杖弹,SUM,BAS,basic,0,0,0,8,1,10,-,proj:24m/s:15m,15,-,0.28,magic,1,10,0,-,none,none,-,0,1,0,any,0,-,GDD14.3,1,normal,AM_SUM_BAS_001,VX_SUM_BAS_001_HIT,SD_SUM_BAS_001_HIT
SUM_T1_001,藤刺,SUM,T1,active,40,0,8,14,4,14,-,box:0.6x0.6x3.0,3.0,-,0.80,phys,1,14,0,7.0,none,none,-,0,0,0,T1+,0,藤蔓刺出,本体起浮技,1,normal,AM_SUM_T1_001,VX_SUM_T1_001_HIT,SD_SUM_T1_001_HIT
SUM_T1_002,召唤·哥布林,SUM,T1,summon,45,0,8,12,-,10,-,unit,15,-,0.30,phys,-,0,0,-,none,none,-,0,0,0,-,0,召唤位;存在90s;扔石头20%眩晕,HP400,5,normal,AM_SUM_T1_002,VX_SUM_T1_002_HIT,SD_SUM_T1_002_HIT
SUM_T1_003,召唤·雷精灵,SUM,T1,summon,45,0,10,12,-,10,-,unit,15,-,0.74,light,-,0,0,-,paralysis@15%,none,none,0,0,0,-,0,召唤位;可同时2只;存在60s,光系,25,job_change,AM_SUM_T1_003,VX_SUM_T1_003_HIT,SD_SUM_T1_003_HIT
SUM_T1_004,召唤·火精灵,SUM,T1,summon,45,0,10,12,-,10,-,unit,15,-,0.74,fire,-,0,0,-,burn:30:2s@30%,none,none,0,0,0,-,0,召唤位;可同时2只;存在60s,火系,30,job_change,AM_SUM_T1_004,VX_SUM_T1_004_HIT,SD_SUM_T1_004_HIT
SUM_T2_001,召唤·冰精灵,SUM,T2,summon,50,0,12,12,-,10,-,unit,15,-,1.02,ice,-,0,0,-,slow:30%:2s,none,none,0,0,0,-,0,召唤位;存在60s,冰系,35,job_change,AM_SUM_T2_001,VX_SUM_T2_001_HIT,SD_SUM_T2_001_HIT
SUM_T2_002,召唤·暗精灵,SUM,T2,summon,50,0,12,12,-,10,-,unit,15,-,1.02,dark,-,0,0,-,blind:2s@20%,none,none,0,0,0,-,0,召唤位;存在60s,暗系,35,job_change,AM_SUM_T2_002,VX_SUM_T2_002_HIT,SD_SUM_T2_002_HIT
SUM_T2_003,召唤·小飞龙,SUM,T2,summon,40,0,6,10,-,8,-,unit,15,-,1.00,fire,-,0,0,-,burn:20:2s,none,none,0,0,0,-,0,召唤位;召唤快;存在60s,火系低阶缠斗,25,job_change,AM_SUM_T2_003,VX_SUM_T2_003_HIT,SD_SUM_T2_003_HIT
SUM_T2_004,召唤·冰狼,SUM,T2,summon,55,0,12,12,-,10,-,unit,15,-,1.09,ice,-,0,0,-,slow:30%:2s,none,none,0,0,0,-,0,召唤位;坦克:HP900;存在90s,物理+冰冻减速,30,job_change,AM_SUM_T2_004,VX_SUM_T2_004_HIT,SD_SUM_T2_004_HIT
SUM_T2_005,召唤·灵猫,SUM,T2,summon,50,0,10,12,-,10,-,unit,15,-,1.00,dark,-,0,0,-,none,none,-,0,0,0,-,0,召唤位;高仇恨视野;敏捷,暗系,30,job_change,AM_SUM_T2_005,VX_SUM_T2_005_HIT,SD_SUM_T2_005_HIT
SUM_T2_006,召唤·雷鹰,SUM,T2,summon,50,0,10,12,-,10,-,unit:飞行,15,-,1.02,light,-,0,0,-,paralysis@15%,none,none,0,0,0,-,0,召唤位;飞行;口吐落雷,可对空,30,job_change,AM_SUM_T2_006,VX_SUM_T2_006_HIT,SD_SUM_T2_006_HIT
SUM_T3_001,召唤·死亡骑士,SUM,T3,summon,90,0,20,16,-,12,-,unit,15,-,1.74,phys,-,0,0,-,none,none,-,0,0,0,-,0,召唤位;坦克:HP1200;迟钝,物理高防,40,job_change,AM_SUM_T3_001,VX_SUM_T3_001_HIT,SD_SUM_T3_001_HIT
SUM_T3_002,召唤·魔界之花,SUM,T3,summon,85,0,18,16,30s,12,-,zone:r4:30s,4.0,-,1.57,dark,-,0,0,-,root:藤蔓,none,none,0,0,0,-,0,召唤位;无法移动;仅1朵;受火伤+50%,毒蕊/根刺/藤蔓卷取/撕咬,40,job_change,AM_SUM_T3_002,VX_SUM_T3_002_HIT,SD_SUM_T3_002_HIT
SUM_T1_007,印记,SUM,T1,active,25,0,3,8,-,8,-,proj:20m/s:12m,12,-,0,none,-,0,0,-,none,none,-,0,0,0,any,0,指挥:指定移动/攻击/跟随,低耗指挥技,15,normal,AM_SUM_T1_007,VX_SUM_T1_007,SD_SUM_T1_007
SUM_T1_008,跟随,SUM,T1,active,15,0,2,4,-,4,-,none,-,-,0,none,-,0,0,-,none,none,-,0,0,0,any,0,指挥:召唤兽跟随,等阶提高控制距离,10,normal,AM_SUM_T1_008,VX_SUM_T1_008,SD_SUM_T1_008
SUM_T2_007,鞭挞,SUM,T2,active,40,0,10,10,-,10,-,box:0.8x0.8x2.0,2.0,-,1.00,phys,1,12,0.5,-,none,none,-,0,0,0,T2+,0,双用途:召唤兽增益6s/对敌硬直,原著可打敌人,20,job_change,AM_SUM_T2_007,VX_SUM_T2_007_HIT,SD_SUM_T2_007_HIT
SUM_T3_003,交替·换位,SUM,T3,active,80,0,22,6,-,6,-,self:30m内单位,30,-,0,none,-,0,0,-,none,none,-,0,0,0,any,0,换位,核心生存技,35,job_change,AM_SUM_T3_003,VX_SUM_T3_003,SD_SUM_T3_003
SUM_T3_004,合击令,SUM,T3,buff,90,0,20,8,8s,10,-,none,-,-,0,none,-,0,0,-,none,none,-,0,0,0,-,0,全兽集火:攻击+20%,兽群命令,35,job_change,AM_SUM_T3_004,VX_SUM_T3_004,SD_SUM_T3_004
SUM_T3_005,精灵合体,SUM,T3,active,70,0,15,10,-,10,-,none,-,-,0,none,-,0,0,-,none,none,-,0,0,0,-,0,两同属性小精灵→大精灵,火刃/落冰/闪电三形态,45,job_change,AM_SUM_T3_005,VX_SUM_T3_005,SD_SUM_T3_005
SUM_T4_001,精灵王,SUM,T4,summon,170,0,55,18,30s,20,-,unit,15,-,2.38,magic,-,0,0,-,none,none,-,0,0,0,-,0,消耗4大精灵合体;元素切割/裂痕/元素炮,存在4min→arena30s,55,job_change,AM_SUM_T4_001,VX_SUM_T4_001_HIT,SD_SUM_T4_001_HIT
SUM_U_001,兽王四元素阵,SUM,U,active,280,0,120,24,20s,26,-,circle:r6.0,6.0,-,0,none,-,0,0,-,none,none,-,0,0,0,none,0,四兽站位发动:战力大幅上升;阵期召唤封印,四兽流核心,75,job_change,AM_SUM_U_001,VX_SUM_U_001,SD_SUM_U_001
SUM_U_002,精灵献祭,SUM,U,active,260,0,120,20,-,24,-,circle:r4.0,4.0,-,4.09,magic,-,30,1.0,-,none,none,-,0,0,0,none,0,消耗全部精灵:伤害∝数量×剩余生命×等阶,单次上限4500,75,job_change,AM_SUM_U_002,VX_SUM_U_002_HIT,SD_SUM_U_002_HIT
SUM_PAS_001,召唤兽强化,SUM,PAS,passive,0,0,0,-,-,-,-,none,-,-,0,none,-,0,0,-,none,none,-,0,0,0,-,0,全召唤兽攻防+8%,转职被动,20,job_change,AM_SUM_PAS_001,VX_SUM_PAS_001,SD_SUM_PAS_001
WIT_BAS_001,扫把横扫一段,WIT,BAS,basic,0,0,0,9,3,12,-,fan:r2.5:a180,2.5,180,0.34,phys,1,12,0,-,none,none,-,0,0,0,any,0,-,GDD14.4.4,1,normal,AM_WIT_BAS_001,VX_WIT_BAS_001_HIT,SD_WIT_BAS_001_HIT
WIT_BAS_002,扫把横扫二段,WIT,BAS,basic,0,0,0,9,3,12,-,fan:r2.5:a180,2.5,180,0.36,phys,1,12,0,-,none,none,-,0,0,0,any,0,-,-,1,normal,AM_WIT_BAS_002,VX_WIT_BAS_002_HIT,SD_WIT_BAS_002_HIT
WIT_BAS_003,扫把横扫三段,WIT,BAS,basic,0,0,0,11,3,14,-,fan:r2.5:a180,2.5,180,0.42,phys,1,14,1.0,-,none,none,-,0,0,0,any,0,-,击退1.0m,1,normal,AM_WIT_BAS_003,VX_WIT_BAS_003_HIT,SD_WIT_BAS_003_HIT
WIT_T1_001,清扫,WIT,T1,active,40,0,8,12,4,14,-,fan:r2.2:a120,2.2,120,0.78,phys,1,14,0,5.5,none,none,-,0,0,0,T1+,0,浮空:24职业最差,低浮空短连窗,1,normal,AM_WIT_T1_001,VX_WIT_T1_001_HIT,SD_WIT_T1_001_HIT
WIT_T1_002,魔法弹,WIT,T1,active,30,0,4,10,-,10,-,proj:24m/s:14m,14,-,0.76,magic,1,10,0,-,none,none,-,0,1,0,T1+,0,最低阶法术,-,5,normal,AM_WIT_T1_002,VX_WIT_T1_002_HIT,SD_WIT_T1_002_HIT
WIT_T1_003,魔法射线,WIT,T1,active,40,0,6,10,-,10,-,proj:40m/s:16m,16,-,0.80,magic,1,10,0,-,none,none,-,0,1,0,T1+,0,射速快难闪避,星星射线,25,job_change,AM_WIT_T1_003,VX_WIT_T1_003_HIT,SD_WIT_T1_003_HIT
WIT_T1_004,扫把冲刺,WIT,T1,active,65,0,11,10,-,14,-,box:1.0x1.0x7.0,7.0,-,0.84,phys,1,14,2.0,-,none,none,-,0,0,0,T1+,0,突进:7m:可空中,GDD-GAP:v0.3表缺行（v0.2值回补）,25,job_change,AM_WIT_T1_004,VX_WIT_T1_004_HIT,SD_WIT_T1_004_HIT
WIT_T1_005,药剂护盾,WIT,T1,buff,45,0,14,8,6s,10,-,none,-,-,0,none,-,0,0,-,none,none,-,0,0,0,any,0,护盾:800;受击反弹灼烧,GDD-GAP:v0.3表缺行（v0.2值回补）,25,job_change,AM_WIT_T1_005,VX_WIT_T1_005,SD_WIT_T1_005
WIT_T2_001,暗影斗篷,WIT,T2,grab,75,0,14,14,-,16,-,circle:r3.0,3.0,-,1.11,dark,1,0,0,-,none,none,-,0,0,0,T2+,0,抓取;范围判定,可抓浮空,15,normal,AM_WIT_T2_001,VX_WIT_T2_001_HIT,SD_WIT_T2_001_HIT
WIT_T2_002,修鲁鲁,WIT,T2,deploy,55,0,30,10,20s,12,-,deploy:嘲讽r2:HP200,2.0,-,0,none,-,0,0,-,taunt:2m:仅召唤物/部署物,none,none,0,0,0,-,0,嘲讽布娃娃,对玩家无效（原著）,10,normal,AM_WIT_T2_002,VX_WIT_T2_002,SD_WIT_T2_002
WIT_T2_003,驱散粉,WIT,T2,active,55,0,12,10,-,12,-,cone:r4:a60,4.0,60,0,dark,-,10,0,-,dispel:1;slow:20%:10s,none,none,0,0,0,-,0,去除目标1个增益,对buff职业答案,20,job_change,AM_WIT_T2_003,VX_WIT_T2_003,SD_WIT_T2_003
WIT_T2_004,寒冰粉,WIT,T2,buff,45,0,14,8,20s,10,-,none,-,-,0,ice,-,0,0,-,none,none,-,0,0,0,any,0,普攻附冰:减速→几率冻结,20s状态,25,job_change,AM_WIT_T2_004,VX_WIT_T2_004,SD_WIT_T2_004
WIT_T2_005,熔岩烧瓶,WIT,T2,active,60,0,12,12,-,14,-,lob:r3.0,10.0,-,1.07,fire,-,10,0,-,burn:40:持续,none,none,0,0,1,-,0,抛物线;地面火海5s;直命中+0.3,落地生花,35,job_change,AM_WIT_T2_005,VX_WIT_T2_005_HIT,SD_WIT_T2_005_HIT
WIT_T2_006,星星折线,WIT,T2,active,55,0,10,12,-,12,-,proj:35m/s:16m:折射,16,-,1.04,magic,1,10,0,-,none,none,-,0,1,0,T2+,0,折射:绕过掩体,射线变种,30,job_change,AM_WIT_T2_006,VX_WIT_T2_006_HIT,SD_WIT_T2_006_HIT
WIT_T2_007,闪电锁链,WIT,T2,active,65,0,12,12,-,12,-,proj:30m/s:12m,12,-,1.09,light,1,25,0,-,shock:感电1层,none,none,0,0,1,T2+,0,-,-,30,job_change,AM_WIT_T2_007,VX_WIT_T2_007_HIT,SD_WIT_T2_007_HIT
WIT_T3_001,酸雨烧瓶,WIT,T3,active,75,0,18,14,6s,14,-,lob:zone:r4:6s,12.0,-,1.50,dark,-,10,0,-,curse:减防,none,none,0,0,1,-,0,区域减防,签名区域,40,job_change,AM_WIT_T3_001,VX_WIT_T3_001_HIT,SD_WIT_T3_001_HIT
WIT_T3_002,寒冰降雨,WIT,T3,channel,85,0,22,16,2.5s,16,20,circle:r3.5,3.5,-,1.50,ice,-,10,0,-,slow:30%,none,none,0,0,1,T3+,0,持续冰伤;打断吟唱,压制吟唱职业,40,job_change,AM_WIT_T3_002,VX_WIT_T3_002_HIT,SD_WIT_T3_002_HIT
WIT_T3_003,扫把旋风,WIT,T3,active,95,0,22,12,18,16,4,circle:r4.0,4.0,-,0.27,phys,8,10,0,7.0,none,none,-,0,0,0,T3+,0,末段击飞7.0,笼罩范围极大,35,job_change,AM_WIT_T3_003,VX_WIT_T3_003_HIT,SD_WIT_T3_003_HIT
WIT_T3_004,重力加速拍,WIT,T3,active,90,0,24,14,-,16,-,fan:r2.8:a120,2.8,120,1.93,phys,1,0,0,-,none,none,-,1,0,0,T3+,0,强制倒地,加大重力加速度的拍击,45,job_change,AM_WIT_T3_004,VX_WIT_T3_004_HIT,SD_WIT_T3_004_HIT
WIT_T3_005,空袭俯冲,WIT,T3,active,75,0,13,12,-,16,-,box:1.2x1.2x8.0,8.0,-,1.84,phys,1,0,0,-,none,none,-,1,0,0,T2+,0,飞行中俯冲;扫地,GDD-GAP:v0.3表缺行（v0.2值回补）,30,job_change,AM_WIT_T3_005,VX_WIT_T3_005_HIT,SD_WIT_T3_005_HIT
WIT_U_001,禁忌大爆炸,WIT,U,active,280,0,120,34,-,26,-,circle:r6.0,12.0,-,4.30,magic,1,0,0,8.0,全异常满值,SSA:0-34f,-,0,0,0,none,0,蓄力:1.5s;全异常满值,炼金终极,75,job_change,AM_WIT_U_001,VX_WIT_U_001_HIT,SD_WIT_U_001_HIT
WIT_PAS_001,扫把掌握,WIT,PAS,passive,0,0,0,-,-,-,-,none,-,-,0,none,-,0,0,-,none,none,-,0,0,0,-,0,飞行4s(+1);空中连击;凌空判定强,转职被动,25,job_change,AM_WIT_PAS_001,VX_WIT_PAS_001,SD_WIT_PAS_001
BLA_BAS_001,剑击一段,BLA,BAS,basic,0,0,0,8,3,12,-,fan:r2.2:a90,2.2,90,0.32,phys,1,12,0,-,none,none,-,0,0,0,any,0,-,GDD14.5.4,1,normal,AM_BLA_BAS_001,VX_BLA_BAS_001_HIT,SD_BLA_BAS_001_HIT
BLA_BAS_002,剑击二段,BLA,BAS,basic,0,0,0,9,3,13,-,fan:r2.2:a90,2.2,90,0.34,phys,1,12,0,-,none,none,-,0,0,0,any,0,-,-,1,normal,AM_BLA_BAS_002,VX_BLA_BAS_002_HIT,SD_BLA_BAS_002_HIT
BLA_BAS_003,剑击三段,BLA,BAS,basic,0,0,0,10,3,14,-,fan:r2.2:a90,2.2,90,0.38,phys,1,14,0.8,-,none,none,-,0,0,0,any,0,-,-,1,normal,AM_BLA_BAS_003,VX_BLA_BAS_003_HIT,SD_BLA_BAS_003_HIT
BLA_BAS_004,剑击四段,BLA,BAS,basic,0,0,0,12,4,16,-,fan:r2.2:a100,2.2,100,0.42,phys,1,14,0,-,none,none,-,0,0,0,any,0,-,-,1,normal,AM_BLA_BAS_004,VX_BLA_BAS_004_HIT,SD_BLA_BAS_004_HIT
BLA_BAS_005,剑击五段,BLA,BAS,basic,0,0,0,16,4,22,-,fan:r2.4:a110,2.4,110,0.55,phys,1,25,2.0,-,none,none,-,0,0,0,any,0,-,强硬直收尾,1,normal,AM_BLA_BAS_005,VX_BLA_BAS_005_HIT,SD_BLA_BAS_005_HIT
BLA_T1_001,上挑,BLA,T1,active,30,0,5,12,4,16,-,fan:r2.2:a90,2.2,90,0.84,phys,1,0,0,7.5,none,none,-,0,0,0,T1+,0,-,标准起浮,1,normal,AM_BLA_T1_001,VX_BLA_T1_001_HIT,SD_BLA_T1_001_HIT
BLA_T1_002,格挡,BLA,T1,buff,20,0,8,4,维持,-,-,cone:r2.2:a120,2.2,120,0,none,-,0,0,-,none,none,-,0,0,0,any,0,化解物理70%;盾值1500,不化解法术（原著）,5,normal,AM_BLA_T1_002,VX_BLA_T1_002,SD_BLA_T1_002
BLA_T1_003,连突刺,BLA,T1,active,40,0,6,10,6,16,3,box:0.7x0.7x2.4,2.4,-,0.41,phys,2,12,0,-,none,none,-,0,0,0,T1+,0,连击段数2-4随加点,1阶二连10阶四连（原著）,5,normal,AM_BLA_T1_003,VX_BLA_T1_003_HIT,SD_BLA_T1_003_HIT
BLA_T2_001,三段斩,BLA,T2,active,55,0,9,10,9,16,3,fan:r2.2:a100,2.2,100,0.41,phys,3,12,0,-,none,none,-,0,0,0,T2+,0,横斩+下劈+上挑,常用于快速走位（原著）,25,job_change,AM_BLA_T2_001,VX_BLA_T2_001_HIT,SD_BLA_T2_001_HIT
BLA_T2_002,银光落刃,BLA,T2,active,70,0,12,12,-,18,-,circle:r3.0:跳跃加成,3.0,-,1.18,phys,1,0,1.0,-,none,none,-,1,0,0,-,0,跳跃高度∝威力与范围,空中技,10,normal,AM_BLA_T2_002,VX_BLA_T2_002_HIT,SD_BLA_T2_002_HIT
BLA_T2_003,拔刀斩,BLA,T2,active,70,0,12,12,2,20,-,box:1.0x1.0x6.0,6.0,-,1.29,phys,1,25,0,-,none,none,-,0,0,0,T2+,0,位移:6m,出招快范围广（原著）,15,normal,AM_BLA_T2_003,VX_BLA_T2_003_HIT,SD_BLA_T2_003_HIT
BLA_T2_004,升龙斩,BLA,T2,active,60,0,10,12,4,16,-,fan:r2.2:a80,2.2,80,1.15,phys,1,14,0,7.0,none,none,-,0,0,0,T2+,0,自身向上位移2.5m,攻防一体上升技（原著）,25,job_change,AM_BLA_T2_004,VX_BLA_T2_004_HIT,SD_BLA_T2_004_HIT
BLA_T2_005,落凤斩,BLA,T2,active,60,0,10,14,4,16,-,cone:r2.4:a120,2.4,120,1.18,phys,1,0,1.0,-,none,none,-,1,0,0,T2+,0,向下位移;强击倒判定,侧半身回旋（原著）,25,job_change,AM_BLA_T2_005,VX_BLA_T2_005_HIT,SD_BLA_T2_005_HIT
BLA_T2_006,仙人指路,BLA,T2,active,55,0,9,12,3,14,-,box:0.8x0.8x3.2,3.2,-,1.16,phys,1,16,3.0,-,none,none,-,0,0,0,T2+,0,强力吹飞3m,刺杀技,15,normal,AM_BLA_T2_006,VX_BLA_T2_006_HIT,SD_BLA_T2_006_HIT
BLA_T3_001,风残草尽,BLA,T3,active,85,0,22,14,-,16,-,circle:r3.0,3.0,-,1.67,phys,1,14,2.5,-,none,none,-,0,0,0,T3+,0,剑圈逼退,反围剿技,30,job_change,AM_BLA_T3_001,VX_BLA_T3_001_HIT,SD_BLA_T3_001_HIT
BLA_T3_002,逆风刺,BLA,T3,active,90,0,24,16,可控,18,-,box:1.0x1.0x2.0-3.6,3.6,-,1.84,phys,1,20,0,-,none,none,-,0,0,0,T3+,0,剑圈范围由操作控制,留一手心理战（原著）,45,job_change,AM_BLA_T3_002,VX_BLA_T3_002_HIT,SD_BLA_T3_002_HIT
BLA_T3_003,剑影步,BLA,T3,active,60,0,18,8,2s,10,-,self,4.0,-,0,none,-,0,0,-,none,none,-,0,0,0,any,0,无伤害虚体残影,迷惑用；不可伤人不可被伤（原著）,35,job_change,AM_BLA_T3_003,VX_BLA_T3_003,SD_BLA_T3_003
BLA_T4_001,剑刃风暴,BLA,T4,active,150,0,55,14,2s,18,10,circle:r2.8,2.8,-,0.20,phys,12,10,0,-,none,none,-,0,0,0,T4+,1,末段击退2m,期间移速-50%；v0.4压线：0.22→0.20（BLA T4三连理论粗估46%超线45%，12段总倍率2.64→2.40）,65,job_change,AM_BLA_T4_001,VX_BLA_T4_001_HIT,SD_BLA_T4_001_HIT
BLA_T4_002,幻影无形剑,BLA,T4,active,165,0,55,16,15,24,6,fan:r2.4:a100,2.4,100,0.61,phys,4,16,0,-,none,none,-,0,0,0,T4+,0,连击段数4-8全靠操作;收招强吹飞;收招僵直1s,输入窗口6f,70,job_change,AM_BLA_T4_002,VX_BLA_T4_002_HIT,SD_BLA_T4_002_HIT
BLA_T4_003,落英式,BLA,T4,active,140,0,45,18,4,20,-,fan:r2.6:a120,2.6,120,2.49,phys,1,0,0,-,none,none,-,1,0,0,T4+,0,强制倒地,75级四式选一,75,job_change,AM_BLA_T4_003,VX_BLA_T4_003_HIT,SD_BLA_T4_003_HIT
BLA_T4_004,流星式,BLA,T4,active,140,0,45,10,3,14,-,box:0.8x0.8x2.6,2.6,-,1.00,phys,3,12,0,-,none,none,-,0,0,0,T4+,0,攻速极快,75级四式选一；v0.4压线：有效倍率3.90→3.00（T4上限）,75,job_change,AM_BLA_T4_004,VX_BLA_T4_004_HIT,SD_BLA_T4_004_HIT
BLA_T4_005,破空式,BLA,T4,active,140,0,45,14,5,18,-,box:1.2x1.2x3.0,3.0,-,2.51,phys,1,25,1.0,-,none,none,-,0,0,0,T4+,0,判定强劲,75级四式选一,75,job_change,AM_BLA_T4_005,VX_BLA_T4_005_HIT,SD_BLA_T4_005_HIT
BLA_T4_006,回风式,BLA,T4,active,140,0,45,16,3,18,-,proj:30m/s:8m,8.0,-,2.47,phys,1,20,2.0,-,none,none,-,0,1,0,T4+,0,剑气扯动目标身形（拉拽2m）,75级四式选一,75,job_change,AM_BLA_T4_006,VX_BLA_T4_006_HIT,SD_BLA_T4_006_HIT
BLA_U_001,剑定天下,BLA,U,active,260,0,120,24,4s,26,15,circle:r5.0,5.0,-,4.00,phys,-,30,0,-,none,none,-,0,0,0,none,0,剑气360°圈:僵直显著;期间攻速+20%攻击+15%,觉醒,50,awakening,AM_BLA_U_001,VX_BLA_U_001_HIT,SD_BLA_U_001_HIT
BLA_PAS_001,剑武精通,BLA,PAS,passive,0,0,0,-,-,-,-,none,-,-,0,none,-,0,0,-,none,none,-,0,0,0,-,0,所选剑类+2%/级:满+20%,五类剑（原著）,20,job_change,AM_BLA_PAS_001,VX_BLA_PAS_001,SD_BLA_PAS_001
BER_BAS_001,巨剑一段,BER,BAS,basic,0,0,0,14,4,16,-,fan:r2.8:a100,2.8,100,0.42,phys,1,14,0,-,none,none,-,0,0,0,any,0,-,GDD14.6.4,1,normal,AM_BER_BAS_001,VX_BER_BAS_001_HIT,SD_BER_BAS_001_HIT
BER_BAS_002,巨剑二段,BER,BAS,basic,0,0,0,15,4,18,-,fan:r2.8:a100,2.8,100,0.46,phys,1,14,0,-,none,none,-,0,0,0,any,0,-,-,1,normal,AM_BER_BAS_002,VX_BER_BAS_002_HIT,SD_BER_BAS_002_HIT
BER_BAS_003,巨剑三段,BER,BAS,basic,0,0,0,18,4,22,-,fan:r2.8:a110,2.8,110,0.55,phys,1,14,1.0,-,none,none,-,0,0,0,any,0,-,-,1,normal,AM_BER_BAS_003,VX_BER_BAS_003_HIT,SD_BER_BAS_003_HIT
BER_BAS_004,巨剑四段,BER,BAS,basic,0,0,0,24,5,28,-,fan:r3.0:a120,3.0,120,0.72,phys,1,30,2.5,-,none,none,-,0,0,0,any,0,-,强硬直收尾,1,normal,AM_BER_BAS_004,VX_BER_BAS_004_HIT,SD_BER_BAS_004_HIT
BER_T1_001,倒斩,BER,T1,active,35,0,6,16,5,18,-,fan:r2.8:a110,2.8,110,0.86,phys,1,0,0,8.5,none,none,-,0,0,0,T1+,0,伤害猛浮空强（原著）,狂暴下剑风+1m,1,normal,AM_BER_T1_001,VX_BER_T1_001_HIT,SD_BER_T1_001_HIT
BER_T1_002,重击,BER,T1,active,30,0,5,14,4,16,-,fan:r2.6:a100,2.6,100,0.82,phys,1,16,0,-,none,none,-,0,0,0,T1+,0,伤害∝武器重量,重剑流收益,5,normal,AM_BER_T1_002,VX_BER_T1_002_HIT,SD_BER_T1_002_HIT
BER_T1_003,十字斩,BER,T1,active,35,0,5,12,6,14,3,fan:r2.6:a110,2.6,110,0.42,phys,2,12,1.0,-,none,none,-,0,0,0,T1+,0,横砍+竖劈,击退1m,15,normal,AM_BER_T1_003,VX_BER_T1_003_HIT,SD_BER_T1_003_HIT
BER_T2_001,冲撞刺击,BER,T2,active,60,0,12,12,4,16,-,box:1.2x1.2x8.0,8.0,-,1.15,phys,1,20,2.0,-,none,none,-,0,0,0,T2+,0,蓄力突进:8m,高速移动技,20,job_change,AM_BER_T2_001,VX_BER_T2_001_HIT,SD_BER_T2_001_HIT
BER_T2_002,崩山击,BER,T2,active,70,0,12,18,5,22,-,circle:r2.8,2.8,-,1.33,phys,1,0,0,6.0,none,SA:18-23f,-,1,0,0,-,0,斩落+弹起小浮空6.0,狂暴下附加霸体（原著变异）,10,normal,AM_BER_T2_002,VX_BER_T2_002_HIT,SD_BER_T2_002_HIT
BER_T2_003,地裂斩,BER,T2,active,65,0,12,14,-,16,-,fan:r3.0:a120,3.0,120,1.20,phys,1,20,0,-,stun:1.0s@30%,none,none,0,0,0,T2+,0,居高临下:伤害∝高度,狂暴下前摇-4f,25,job_change,AM_BER_T2_003,VX_BER_T2_003_HIT,SD_BER_T2_003_HIT
BER_T2_004,旋风斩,BER,T2,active,75,0,14,12,1.5s,18,9,circle:r2.8,2.8,-,0.14,phys,10,10,0,-,none,none,-,0,0,0,T2+,1,末段击退2m,高阶,30,job_change,AM_BER_T2_004,VX_BER_T2_004_HIT,SD_BER_T2_004_HIT
BER_T2_005,血气之剑,BER,T2,active,50,0,10,14,-,16,-,proj:24m/s:8m,8.0,-,1.15,phys,1,14,0,-,bleed:60:4s,none,none,0,0,1,T2+,0,喷射血箭,剑锋抹血,25,job_change,AM_BER_T2_005,VX_BER_T2_005_HIT,SD_BER_T2_005_HIT
BER_T2_006,血影狂刀,BER,T2,active,65,0,11,14,4,16,-,fan:r2.8:a120,2.8,120,1.18,phys,1,16,3.0,-,none,none,-,0,0,0,T2+,0,吹飞3m;直劈/横斩双形态,刀影暗红,30,job_change,AM_BER_T2_006,VX_BER_T2_006_HIT,SD_BER_T2_006_HIT
BER_T3_001,破灭斩,BER,T3,active,100,0,25,18,4,20,-,fan:r2.8:a110,2.8,110,1.98,phys,1,20,0,-,破防:目标防御-70%:5s,none,none,0,0,0,T3+,0,防御破坏全游戏最强,二选一构筑,40,job_change,AM_BER_T3_001,VX_BER_T3_001_HIT,SD_BER_T3_001_HIT
BER_T3_002,破魔斩,BER,T3,active,100,0,25,16,4,20,-,fan:r2.8:a110,2.8,110,1.88,phys,1,20,0,-,破防:目标防御-30%:8s,none,none,0,0,0,T3+,0,-,二选一构筑,40,job_change,AM_BER_T3_002,VX_BER_T3_002_HIT,SD_BER_T3_002_HIT
BER_T3_003,噬魂血手,BER,T3,grab,110,0,26,16,-,20,-,circle:r3.5,3.5,-,1.74,phys,1,0,0,-,none,none,-,0,0,0,T3+,0,抓取:拖至身边:只控移动,被拖者仍可出招（原著）,35,job_change,AM_BER_T3_003,VX_BER_T3_003_HIT,SD_BER_T3_003_HIT
BER_T3_004,狂暴,BER,T3,buff,110,0,30,12,20s,14,-,none,-,-,0,none,-,0,0,-,none,SA:12-26s,-,0,0,0,any,0,力量/攻速/移速/异抗↑;智力/防御↓25%;技能变异,与嗜血互斥（原著）,25,job_change,AM_BER_T3_004,VX_BER_T3_004,SD_BER_T3_004
BER_T4_001,怒血狂涛,BER,T4,active,170,0,55,34,-,30,-,box:2.0x2.5x6.0,6.0,-,2.77,phys,1,0,0,8.0,none,SSA:0-34f,-,0,0,0,none,0,起手很慢（原著）,巨大血刃斩下,70,job_change,AM_BER_T4_001,VX_BER_T4_001_HIT,SD_BER_T4_001_HIT
BER_T4_002,绝地风暴,BER,T4,active,160,0,50,20,2.5s,24,15,circle:r3.5,3.5,-,0.28,phys,10,10,0,7.5,none,none,-,0,0,0,T4+,0,末段击飞7.5,75级,75,job_change,AM_BER_T4_002,VX_BER_T4_002_HIT,SD_BER_T4_002_HIT
BER_T4_003,嗜血,BER,T4,buff,120,0,60,12,20s,14,-,none,-,-,0,none,-,0,0,-,none,none,-,0,0,0,any,0,吸取自身生命提升战力:ATK+20%:自身-1.5%/s,75级；三态互斥,75,job_change,AM_BER_T4_003,VX_BER_T4_003,SD_BER_T4_003
BER_U_001,嗜血奋战,BER,U,buff,280,0,120,24,20s,26,-,none,-,-,0,none,-,0,0,-,none,SSA:24-244f,-,0,0,0,none,0,比狂暴强25%;正嗜血10%/反嗜血:ATK+8%:-1.5%/s,觉醒；与狂暴不可叠加（原著）,50,awakening,AM_BER_U_001,VX_BER_U_001,SD_BER_U_001
BER_PAS_001,血气唤醒,BER,PAS,passive,0,0,0,-,-,-,-,none,-,-,0,none,-,0,0,-,none,none,-,0,0,0,-,0,HP<50%:ATK+5%;<30%:+10%;<15%:+15%,转职被动（原著）,20,job_change,AM_BER_PAS_001,VX_BER_PAS_001,SD_BER_PAS_001
SBL_BAS_001,魔剑一段,SBL,BAS,basic,0,0,0,9,3,13,-,fan:r2.4:a90,2.4,90,0.33,phys,1,12,0,-,none,none,-,0,0,0,any,0,-,GDD14.7.4,1,normal,AM_SBL_BAS_001,VX_SBL_BAS_001_HIT,SD_SBL_BAS_001_HIT
SBL_BAS_002,魔剑二段,SBL,BAS,basic,0,0,0,10,3,13,-,fan:r2.4:a90,2.4,90,0.35,phys,1,12,0,-,none,none,-,0,0,0,any,0,-,-,1,normal,AM_SBL_BAS_002,VX_SBL_BAS_002_HIT,SD_SBL_BAS_002_HIT
SBL_BAS_003,魔剑三段,SBL,BAS,basic,0,0,0,11,3,15,-,fan:r2.4:a100,2.4,100,0.40,phys,1,14,0,-,none,none,-,0,0,0,any,0,-,-,1,normal,AM_SBL_BAS_003,VX_SBL_BAS_003_HIT,SD_SBL_BAS_003_HIT
SBL_BAS_004,魔剑四段,SBL,BAS,basic,0,0,0,14,4,18,-,fan:r2.4:a100,2.4,100,0.50,phys,1,14,1.0,-,none,none,-,0,0,0,any,0,-,-,1,normal,AM_SBL_BAS_004,VX_SBL_BAS_004_HIT,SD_SBL_BAS_004_HIT
SBL_T1_001,地裂波动剑,SBL,T1,active,35,0,5,12,-,12,-,proj:28m/s:8m,8.0,-,0.82,phys,1,12,0,-,none,none,-,0,1,0,T1+,0,发招快判定好（原著）,最低阶波动剑,5,normal,AM_SBL_T1_001,VX_SBL_T1_001_HIT,SD_SBL_T1_001_HIT
SBL_T1_002,碎风波动剑,SBL,T1,active,35,0,5,8,-,10,-,proj:36m/s:8m,8.0,-,0.78,phys,1,10,0,-,none,none,-,0,1,0,T1+,0,所有波动剑中速度最快,风系,10,normal,AM_SBL_T1_002,VX_SBL_T1_002_HIT,SD_SBL_T1_002_HIT
SBL_T1_003,冰霜波动剑,SBL,T1,active,45,0,7,12,-,12,-,proj:26m/s:8m:铺地,8.0,-,0.84,ice,1,12,0,-,slow:30%:2s,none,none,0,0,1,T1+,0,冰晶铺地,冰系,15,normal,AM_SBL_T1_003,VX_SBL_T1_003_HIT,SD_SBL_T1_003_HIT
SBL_T2_001,烈焰波动剑,SBL,T2,active,55,0,8,14,-,14,-,proj:28m/s:8m,8.0,-,1.16,fire,1,14,3.0,-,burn:45:3s,none,none,0,0,1,T2+,0,击退显著,火系,20,job_change,AM_SBL_T2_001,VX_SBL_T2_001_HIT,SD_SBL_T2_001_HIT
SBL_T2_002,疾光波动剑,SBL,T2,active,55,0,8,10,-,12,-,proj:40m/s:8m,8.0,-,1.15,light,1,12,0,-,paralysis:0.5s,none,none,0,0,1,T2+,0,波动剑中最快一式,光系,20,job_change,AM_SBL_T2_002,VX_SBL_T2_002_HIT,SD_SBL_T2_002_HIT
SBL_T2_003,圆旋波动剑,SBL,T2,active,55,0,8,12,-,12,-,proj:28m/s:8m:弧线,8.0,-,1.13,phys,1,12,0,-,none,none,-,0,1,0,T2+,0,瞬发不走直线,弧形绕小掩体,25,job_change,AM_SBL_T2_003,VX_SBL_T2_003_HIT,SD_SBL_T2_003_HIT
SBL_T3_001,裂波斩,SBL,T3,active,105,0,25,16,4,20,-,box:1.0x1.0x3.0:裂波r2.5,3.0,-,1.10,magic,1,20,0,-,结界:封锁1.2s,none,none,0,0,0,T3+,0,破霸体;封锁抓取技;裂波AOE+炸飞,招牌反制（原著）,30,job_change,AM_SBL_T3_001,VX_SBL_T3_001_HIT,SD_SBL_T3_001_HIT
SBL_T3_002,冰创波动阵,SBL,T3,active,100,0,24,18,-,18,-,circle:r3.5,3.5,-,1.00,ice,1,20,0,-,slow:30%:3s;冻结@40%,none,none,0,0,0,T3+,0,-,范围阵,35,job_change,AM_SBL_T3_002,VX_SBL_T3_002_HIT,SD_SBL_T3_002_HIT
SBL_T3_003,烈焰波动阵,SBL,T3,active,100,0,24,18,-,18,-,circle:r3.5,3.5,-,1.88,fire,1,20,2.0,-,burn:60:4s,none,none,0,0,0,T3+,0,-,范围阵,35,job_change,AM_SBL_T3_003,VX_SBL_T3_003_HIT,SD_SBL_T3_003_HIT
SBL_T4_001,电光波动阵,SBL,T4,active,160,0,55,22,-,22,-,circle:r6.0,6.0,-,2.51,light,1,25,0,-,paralysis:1.0s@100%,none,none,0,0,0,T4+,0,电球内100%命中（原著）,无法走位躲开,60,job_change,AM_SBL_T4_001,VX_SBL_T4_001_HIT,SD_SBL_T4_001_HIT
SBL_U_001,星云波动剑,SBL,U,active,280,0,120,28,可控,26,-,形态三选:扩散/贯穿/追踪,10.0,-,4.12,magic,1,30,0,-,none,SA:0-28f,-,0,0,0,none,0,形态由操作决定,360°扩散/直线贯穿/缓慢追踪（原著75级）,75,job_change,AM_SBL_U_001,VX_SBL_U_001_HIT,SD_SBL_U_001_HIT
SBL_PAS_001,杀意波动,SBL,PAS,passive,0,0,0,-,-,-,-,none,-,-,0,none,-,0,0,-,none,none,-,0,0,0,-,0,波动系伤害+4%/档;不同波动剑连放叠共鸣(前摇-1f:最多3层),转职被动,20,job_change,AM_SBL_PAS_001,VX_SBL_PAS_001,SD_SBL_PAS_001
GBL_BAS_001,鬼刀一段,GBL,BAS,basic,0,0,0,7,3,11,-,fan:r2.5:a100,2.5,100,0.30,dark,1,12,0,-,none,none,-,0,0,0,any,0,-,GDD14.8.4,1,normal,AM_GBL_BAS_001,VX_GBL_BAS_001_HIT,SD_GBL_BAS_001_HIT
GBL_BAS_002,鬼刀二段,GBL,BAS,basic,0,0,0,8,3,11,-,fan:r2.5:a100,2.5,100,0.32,dark,1,12,0,-,none,none,-,0,0,0,any,0,-,-,1,normal,AM_GBL_BAS_002,VX_GBL_BAS_002_HIT,SD_GBL_BAS_002_HIT
GBL_BAS_003,鬼刀三段,GBL,BAS,basic,0,0,0,9,3,12,-,fan:r2.5:a100,2.5,100,0.35,dark,1,14,0,-,none,none,-,0,0,0,any,0,-,-,1,normal,AM_GBL_BAS_003,VX_GBL_BAS_003_HIT,SD_GBL_BAS_003_HIT
GBL_BAS_004,鬼刀四段,GBL,BAS,basic,0,0,0,10,3,14,-,fan:r2.5:a110,2.5,110,0.40,dark,1,14,0,-,none,none,-,0,0,0,any,0,-,-,1,normal,AM_GBL_BAS_004,VX_GBL_BAS_004_HIT,SD_GBL_BAS_004_HIT
GBL_BAS_005,鬼刀五段,GBL,BAS,basic,0,0,0,12,4,16,-,fan:r2.5:a110,2.5,110,0.48,dark,1,20,1.5,-,none,none,-,0,0,0,any,0,-,-,1,normal,AM_GBL_BAS_005,VX_GBL_BAS_005_HIT,SD_GBL_BAS_005_HIT
GBL_T1_001,鬼爪,GBL,T1,active,35,0,6,12,4,14,-,fan:r2.2:a90,2.2,90,0.82,phys,1,14,0,7.5,none,none,-,0,0,0,T1+,0,-,起浮,1,normal,AM_GBL_T1_001,VX_GBL_T1_001_HIT,SD_GBL_T1_001_HIT
GBL_T1_002,鬼斩,GBL,T1,active,40,0,6,14,4,20,-,box:1.0x1.0x3.0,3.0,-,0.86,dark,1,16,2.5,-,none,none,-,0,0,0,T1+,0,自带暗属性;吹飞;收招慢破绽大,斩鬼附着=冰封鬼斩(减速),5,normal,AM_GBL_T1_002,VX_GBL_T1_002_HIT,SD_GBL_T1_002_HIT
GBL_T1_003,月光斩,GBL,T1,active,40,0,6,12,3,16,-,fan:r2.5:a180,2.5,180,0.82,dark,1,12,0,-,none,none,-,0,0,0,T1+,0,银光半圆,斩鬼附着=暗月光斩(致盲2s),15,normal,AM_GBL_T1_003,VX_GBL_T1_003_HIT,SD_GBL_T1_003_HIT
GBL_T2_001,满月斩,GBL,T2,active,65,0,11,14,-,16,-,fan:r3.0:a200,3.0,200,1.16,dark,1,14,2.0,-,none,none,-,0,0,0,T2+,0,倒飞位移2m;吹飞,斩鬼附着=炎噬满月(火+暗双伤),20,job_change,AM_GBL_T2_001,VX_GBL_T2_001_HIT,SD_GBL_T2_001_HIT
GBL_T1_004,鬼步,GBL,T1,active,30,0,8,8,-,10,-,self,6.0,-,0,none,-,0,0,-,none,none,-,0,0,0,any,0,位移:身后残影一片,视觉干扰,15,normal,AM_GBL_T1_004,VX_GBL_T1_004,SD_GBL_T1_004
GBL_T2_002,残影,GBL,T2,buff,60,0,30,10,60s,12,-,none,-,-,0,none,-,0,0,-,none,none,-,0,0,0,any,0,防卫:鬼影护甲吸收800×2次,原著25级防卫技（非分身）,25,job_change,AM_GBL_T2_002,VX_GBL_T2_002,SD_GBL_T2_002
GBL_T2_003,刀魂守护,GBL,T2,deploy,60,0,30,12,12s,12,-,zone:r4.0,4.0,-,0,none,-,0,0,-,none,none,-,0,0,0,-,0,阵内己方ATK+5%,增益阵,10,normal,AM_GBL_T2_003,VX_GBL_T2_003,SD_GBL_T2_003
GBL_T3_001,冰魂守护,GBL,T3,deploy,90,0,25,16,12s,14,-,zone:r4.0,4.0,-,0.25,ice,-,10,0,-,slow:30%;冻结@30%,none,none,0,0,0,-,0,攻击性鬼阵,冰冻几率,30,job_change,AM_GBL_T3_001,VX_GBL_T3_001_HIT,SD_GBL_T3_001_HIT
GBL_T3_002,炎阵,GBL,T3,deploy,90,0,25,16,12s,14,-,zone:r4.0,4.0,-,1.50,fire,-,10,0,-,burn:40:持续,none,none,0,0,0,-,0,群伤鬼阵,鬼火,30,job_change,AM_GBL_T3_002,VX_GBL_T3_002_HIT,SD_GBL_T3_002_HIT
GBL_T3_003,瘟魂守护,GBL,T3,deploy,90,0,25,16,12s,14,-,zone:r4.0,4.0,-,0,dark,-,0,0,-,破防:阵内防御-20%,none,none,0,0,0,-,0,削弱阵,-,35,job_change,AM_GBL_T3_003,VX_GBL_T3_003,SD_GBL_T3_003
GBL_T3_004,灰阵,GBL,T3,deploy,85,0,25,16,12s,14,-,zone:r4.0,4.0,-,0,dark,-,0,0,-,weight:x2,none,none,0,0,0,-,0,阵内负重×2:移速-20%击退+50%,满阶2倍重量（原著）,40,job_change,AM_GBL_T3_004,VX_GBL_T3_004,SD_GBL_T3_004
GBL_T2_004,暗黑之阵,GBL,T2,deploy,75,0,22,14,12s,14,-,zone:r4.0,4.0,-,0,dark,-,0,0,-,blind:阵内持续,none,none,0,0,0,-,0,无伤害失明阵,（原著）,30,job_change,AM_GBL_T2_004,VX_GBL_T2_004,SD_GBL_T2_004
GBL_T4_001,寂静之阵,GBL,T4,deploy,150,0,55,18,10s,16,-,zone:r4.5,4.5,-,0,dark,-,0,0,-,silence:阵内全部技能,none,none,0,0,0,-,0,静默之阵,斩杀窗口制造者,55,job_change,AM_GBL_T4_001,VX_GBL_T4_001,SD_GBL_T4_001
GBL_T3_005,死亡墓碑,GBL,T3,active,105,0,26,18,3s,20,18,circle:r4.0,4.0,-,1.50,dark,-,10,0,-,none,none,-,1,0,0,T3+,0,墓碑持续坠落,命中倒地,45,job_change,AM_GBL_T3_005,VX_GBL_T3_005_HIT,SD_GBL_T3_005_HIT
GBL_U_001,鬼神盛宴,GBL,U,active,280,0,120,24,-,26,-,circle:己方鬼阵范围,-,-,4.02,dark,-,20,1.0,-,none,SA:0-24f,-,0,0,0,none,0,每存在1个己方鬼阵+0.3倍率,鬼阵吞噬结算,70,job_change,AM_GBL_U_001,VX_GBL_U_001_HIT,SD_GBL_U_001_HIT
SRP_BAS_001,左轮射击,SRP,BAS,basic,0,0,0,4,1,2,-,proj:50m/s:25m,25,-,0.22,phys,1,6,0,-,none,none,-,0,1,0,any,0,射速约6发/s;弹匣15发,换弹1.2s,1,normal,AM_SRP_BAS_001,VX_SRP_BAS_001_HIT,SD_SRP_BAS_001_HIT
SRP_T1_001,浮空弹,SRP,T1,active,35,0,6,8,-,10,-,proj:45m/s:25m,25,-,0.78,phys,1,0,0,7.0,none,none,-,0,1,0,T1+,0,-,枪手系普通起浮,1,normal,AM_SRP_T1_001,VX_SRP_T1_001_HIT,SD_SRP_T1_001_HIT
SRP_T1_002,滑铲,SRP,T1,active,30,0,8,6,10,8,-,box:1.0x0.6x4.0,4.0,-,0.74,phys,1,0,0,-,none,none,-,1,0,0,any,0,铲倒;位移4m;可穿低障碍,体术,10,normal,AM_SRP_T1_002,VX_SRP_T1_002_HIT,SD_SRP_T1_002_HIT
SRP_T1_003,膝撞,SRP,T1,active,35,0,9,8,3,12,-,box:0.8x0.8x1.8,1.8,-,0.45,phys,1,14,2.0,-,none,SA:8-11f,-,0,0,0,T1+,0,施展时霸体;负重影响速度,体术,10,normal,AM_SRP_T1_003,VX_SRP_T1_003_HIT,SD_SRP_T1_003_HIT
SRP_T1_004,旋风脚,SRP,T1,active,40,0,9,12,-,14,-,circle:r2.2,2.2,-,0.76,phys,1,14,0,-,none,none,-,0,0,0,T1+,0,360°横扫身周,体术反围剿,15,normal,AM_SRP_T1_004,VX_SRP_T1_004_HIT,SD_SRP_T1_004_HIT
SRP_T2_001,踏射,SRP,T2,active,60,0,12,10,4,14,-,cone:r3.0:a70,3.0,70,1.11,phys,1,0,0,-,none,none,-,1,0,0,T2+,0,受身无效,原著明示三技之一,20,job_change,AM_SRP_T2_001,VX_SRP_T2_001_HIT,SD_SRP_T2_001_HIT
SRP_T2_002,速射,SRP,T2,buff,55,0,15,8,8s,10,-,none,-,-,0,none,-,0,0,-,none,none,-,0,0,0,any,0,射速+30%,时间性状态技,25,job_change,AM_SRP_T2_002,VX_SRP_T2_002,SD_SRP_T2_002
SRP_T2_003,曲射,SRP,T2,buff,60,0,14,10,6s,12,-,none,-,-,0.28,phys,-,0,0,-,none,none,-,0,0,0,any,0,曲线弹道;甩枪可控弧度,绕掩体,30,job_change,AM_SRP_T2_003,VX_SRP_T2_003_HIT,SD_SRP_T2_003_HIT
SRP_T2_004,散射,SRP,T2,active,60,0,12,10,-,12,-,cone:r8:a35,8.0,35,0.27,phys,5,8,0,-,none,none,-,0,1,0,T2+,0,扇形5发,-,25,job_change,AM_SRP_T2_004,VX_SRP_T2_004_HIT,SD_SRP_T2_004_HIT
SRP_T2_005,怒射,SRP,T2,active,70,0,13,12,1s,14,4,proj:45m/s:25m,25,-,0.33,phys,4,8,0,-,none,none,-,0,1,0,T2+,0,压制射击,-,30,job_change,AM_SRP_T2_005,VX_SRP_T2_005_HIT,SD_SRP_T2_005_HIT
SRP_T3_001,乱射,SRP,T3,active,100,0,25,14,1.5s,20,6,circle:r6.0,6.0,-,0.28,phys,8,8,0,-,none,none,-,0,1,0,T3+,0,子弹360°纷乱飞舞,反贴身终极（原著60级）,60,job_change,AM_SRP_T3_001,VX_SRP_T3_001_HIT,SD_SRP_T3_001_HIT
SRP_T3_002,枪炮武术,SRP,T3,active,90,0,22,12,9,16,3,fan:r2.0:a90,2.0,90,0.67,phys,3,14,1.0,-,none,none,-,0,0,0,T3+,0,体术+射击混接,近身博弈核心,35,job_change,AM_SRP_T3_002,VX_SRP_T3_002_HIT,SD_SRP_T3_002_HIT
SRP_T3_003,双重控制,SRP,T3,active,90,0,40,8,-,8,-,none,-,-,0,none,-,0,0,-,none,none,-,0,0,0,any,0,重置一个冷却中的技能,每局限2次,40,job_change,AM_SRP_T3_003,VX_SRP_T3_003,SD_SRP_T3_003
SRP_T4_001,巴雷特狙击,SRP,T4,active,170,0,55,30,-,22,-,proj:80m/s:40m,40,-,2.64,phys,1,30,0,-,none,none,-,0,1,0,T4+,0,蓄力:1.2s;头部×2;几率穿透,神枪手最强技（原著70级）,70,job_change,AM_SRP_T4_001,VX_SRP_T4_001_HIT,SD_SRP_T4_001_HIT
SRP_T4_002,承前启后,SRP,T4,buff,120,0,50,10,8s,12,-,none,-,-,0,none,-,0,0,-,none,none,-,0,0,0,any,0,射击命中为下一技能减CD:每发-0.5s,持续输出循环,50,job_change,AM_SRP_T4_002,VX_SRP_T4_002,SD_SRP_T4_002
SRP_PAS_001,枪术精通,SRP,PAS,passive,0,0,0,-,-,-,-,none,-,-,0,none,-,0,0,-,none,none,-,0,0,0,-,0,射击类伤害+2%/级,转职被动,20,job_change,AM_SRP_PAS_001,VX_SRP_PAS_001,SD_SRP_PAS_001
SPF_BAS_001,弩射击,SPF,BAS,basic,0,0,0,5,1,3,-,proj:40m/s:20m,20,-,0.24,phys,1,6,0,-,none,none,-,0,1,0,any,0,弹匣15发(扩充20);附着当前弹种,换弹匣=切弹,1,normal,AM_SPF_BAS_001,VX_SPF_BAS_001_HIT,SD_SPF_BAS_001_HIT
SPF_T1_001,浮空弹,SPF,T1,active,35,0,6,8,-,10,-,proj:45m/s:22m,22,-,0.78,phys,1,0,0,7.0,none,none,-,0,1,0,T1+,0,-,-,1,normal,AM_SPF_T1_001,VX_SPF_T1_001_HIT,SD_SPF_T1_001_HIT
SPF_T1_002,僵直弹,SPF,T1,active,45,0,10,12,-,14,-,proj:18m/s:20m,20,-,0.82,phys,1,120,0,-,none,none,-,0,1,0,T1+,0,僵直2s(满阶3.5s);弹速慢体积大,看得见躲得开,10,normal,AM_SPF_T1_002,VX_SPF_T1_002_HIT,SD_SPF_T1_002_HIT
SPF_T1_003,撞击式手雷,SPF,T1,active,35,0,5,10,-,12,-,lob:r2.5,9.0,-,0.78,phys,-,20,1.0,-,none,none,-,0,0,0,-,0,范围伤害低CD短,清场用,5,normal,AM_SPF_T1_003,VX_SPF_T1_003_HIT,SD_SPF_T1_003_HIT
SPF_T1_004,冰弹装填,SPF,T1,stance,30,0,公共1.5,8,-,0,-,none,-,-,0,ice,-,0,0,-,none,none,-,0,0,0,any,0,换弹匣=冰弹,原著30级,30,job_change,AM_SPF_T1_004,VX_SPF_T1_004,SD_SPF_T1_004
SPF_T1_005,爆炎弹装填,SPF,T1,stance,30,0,公共1.5,8,-,0,-,none,-,-,0,fire,-,0,0,-,none,none,-,0,0,0,any,0,换弹匣=爆炎弹,火系,20,job_change,AM_SPF_T1_005,VX_SPF_T1_005,SD_SPF_T1_005
SPF_T1_006,感电弹装填,SPF,T1,stance,30,0,公共1.5,8,-,0,-,none,-,-,0,light,-,0,0,-,none,none,-,0,0,0,any,0,换弹匣=感电弹,感电:受击+8%/层,25,job_change,AM_SPF_T1_006,VX_SPF_T1_006,SD_SPF_T1_006
SPF_T2_001,烟雾弹,SPF,T2,active,45,0,12,10,6s,12,-,lob:zone:r5:6s,10.0,-,0,none,-,0,0,-,blind:区域内,none,none,0,0,0,-,0,视野遮蔽,敌我皆盲,25,job_change,AM_SPF_T2_001,VX_SPF_T2_001,SD_SPF_T2_001
SPF_T2_002,闪光弹,SPF,T2,active,50,0,12,10,-,12,-,lob:r4.0,10.0,-,0,light,-,0,0,-,blind:2.5s,none,none,0,0,0,-,0,同队豁免差（原著）,背对自身免致盲,25,job_change,AM_SPF_T2_002,VX_SPF_T2_002,SD_SPF_T2_002
SPF_T2_003,爆缩式手雷,SPF,T2,active,65,0,13,10,-,14,-,lob:r3.0,9.0,-,1.09,phys,-,0,3.0,-,none,none,-,0,0,0,-,0,冲击力极强:破霸体,连霸体都无法绝对抵御（原著）,30,job_change,AM_SPF_T2_003,VX_SPF_T2_003_HIT,SD_SPF_T2_003_HIT
SPF_T2_004,计时式手雷,SPF,T2,active,55,0,14,10,-,12,-,lob:r3.0:定时最长8s,9.0,-,1.13,fire,-,20,1.0,-,none,none,-,0,0,0,-,0,定时爆炸,最长等8s,30,job_change,AM_SPF_T2_004,VX_SPF_T2_004_HIT,SD_SPF_T2_004_HIT
SPF_T2_005,毒气式手雷,SPF,T2,active,60,0,14,10,5s,12,-,lob:zone:r3.5:5s,9.0,-,1.00,dark,-,0,0,-,poison:35:持续,none,none,0,0,0,-,0,剧毒瓦斯,-,30,job_change,AM_SPF_T2_005,VX_SPF_T2_005_HIT,SD_SPF_T2_005_HIT
SPF_T3_001,追踪式手雷,SPF,T3,active,70,0,15,12,-,14,-,lob:追踪:120°/s,12.0,-,1.69,phys,-,20,1.0,-,none,none,-,0,0,0,-,0,螺旋翼锁定目标,-,35,job_change,AM_SPF_T3_001,VX_SPF_T3_001_HIT,SD_SPF_T3_001_HIT
SPF_T3_002,遥控式手雷,SPF,T3,active,60,0,15,12,-,12,-,lob:手动引爆:r3.0,12.0,-,1.60,phys,-,20,1.0,-,none,none,-,0,0,0,-,0,操作者控制引爆时机,精准性高,35,job_change,AM_SPF_T3_002,VX_SPF_T3_002_HIT,SD_SPF_T3_002_HIT
SPF_T3_003,爆炎式手雷,SPF,T3,active,65,0,14,10,4s,12,-,lob:zone:r3.5:4s,9.0,-,1.55,fire,-,10,0,-,burn:50:持续,none,none,0,0,0,-,0,火系燃烧,行动控制力弱,30,job_change,AM_SPF_T3_003,VX_SPF_T3_003_HIT,SD_SPF_T3_003_HIT
SPF_T3_004,感电式手雷,SPF,T3,active,65,0,14,10,-,12,-,lob:r3.5,9.0,-,1.57,light,-,15,0,-,shock:感电2层,none,none,0,0,0,-,0,感电区域,-,35,job_change,AM_SPF_T3_004,VX_SPF_T3_004_HIT,SD_SPF_T3_004_HIT
SPF_T3_005,燃烧弹,SPF,T3,active,55,0,11,12,-,12,-,lob:r3.0:5s,10.0,-,1.60,fire,-,10,0,-,burn:45:持续,none,none,0,0,0,-,0,落地生花,-,15,normal,AM_SPF_T3_005,VX_SPF_T3_005_HIT,SD_SPF_T3_005_HIT
SPF_U_001,乱雷,SPF,U,active,280,0,120,22,-,24,-,自身全部手雷种类,-,-,4.01,phys,-,20,1.0,-,随携带手雷,SSA:0-22f,-,0,0,0,none,0,天女散花:所携带手雷综合爆发,空库存时仅基础0.8,70,job_change,AM_SPF_U_001,VX_SPF_U_001_HIT,SD_SPF_U_001_HIT
SPF_PAS_001,弹药扩充,SPF,PAS,passive,0,0,0,-,-,-,-,none,-,-,0,none,-,0,0,-,none,none,-,0,0,0,-,0,弹匣15→20发;手雷每种+1,转职被动（原著数值）,20,job_change,AM_SPF_PAS_001,VX_SPF_PAS_001,SD_SPF_PAS_001
LAU_BAS_001,重炮弹,LAU,BAS,basic,0,0,0,14,2,18,-,proj:35m/s:25m,25,-,0.45,phys,1,20,2.0,-,none,none,-,0,1,0,any,0,-,GDD14.11.4,1,normal,AM_LAU_BAS_001,VX_LAU_BAS_001_HIT,SD_LAU_BAS_001_HIT
LAU_T1_001,拔击,LAU,T1,active,35,0,6,12,4,16,-,fan:r2.4:a120,2.4,120,0.80,phys,1,14,0,7.0,none,none,-,0,0,0,T1+,0,拔炮横击,唯一普通起浮,1,normal,AM_LAU_T1_001,VX_LAU_T1_001_HIT,SD_LAU_T1_001_HIT
LAU_T1_002,火焰喷射,LAU,T1,channel,55,0,10,12,1.5s,14,10,cone:r8:a40,8.0,40,0.70,fire,-,10,0,-,burn:40:持续;slow:20%,none,none,0,0,1,T1+,0,锥形,防贴脸,15,normal,AM_LAU_T1_002,VX_LAU_T1_002_HIT,SD_LAU_T1_002_HIT
LAU_T1_003,反坦克炮,LAU,T1,active,50,0,7,14,-,16,-,proj:45m/s:30m,30,-,0.33,phys,3,20,2.0,-,三发:①击退②僵直③击倒,none,none,0,0,1,T1+,0,三发三效果（原著）,-,10,normal,AM_LAU_T1_003,VX_LAU_T1_003_HIT,SD_LAU_T1_003_HIT
LAU_T2_001,格林机枪,LAU,T2,channel,75,0,12,12,2.5s,16,10,line:20m,20.0,-,0.09,phys,15,6,0,-,none,none,-,0,1,1,T2+,0,直线子弹扫射,架设中12段,20,job_change,AM_LAU_T2_001,VX_LAU_T2_001_HIT,SD_LAU_T2_001_HIT
LAU_T2_002,BBQ,LAU,T2,grab,65,0,14,12,4,16,-,box:1.0x1.0x2.5:扫射,2.5,-,1.22,phys,1,0,0,-,none,none,-,0,0,0,T2+,0,膝袭起手+扫射;抓取判定,贴身反打核心（原著）,20,job_change,AM_LAU_T2_002,VX_LAU_T2_002_HIT,SD_LAU_T2_002_HIT
LAU_T2_003,加农炮,LAU,T2,active,70,0,12,16,-,16,-,proj:30m/s:28m,28,-,1.22,phys,1,20,2.0,-,none,none,-,0,1,0,T2+,0,蓄力后射程杀伤范围更大,能量球,25,job_change,AM_LAU_T2_003,VX_LAU_T2_003_HIT,SD_LAU_T2_003_HIT
LAU_T2_004,刺弹炮,LAU,T2,active,70,0,13,16,-,16,-,proj:爆裂8枚:r4.0,20.0,-,0.17,phys,8,20,1.0,-,none,none,-,1,1,0,T2+,0,爆裂成八枚刺射弹,范围攻击,30,job_change,AM_LAU_T2_004,VX_LAU_T2_004_HIT,SD_LAU_T2_004_HIT
LAU_T3_001,激光炮,LAU,T3,active,105,0,24,20,-,18,-,line:40m:宽1.2,40.0,-,2.03,light,1,25,3.0,-,none,none,-,0,1,0,T3+,0,蓄力:0.8s:+40%:强后座(自退1.5m),攻击距离全荣耀之最,30,job_change,AM_LAU_T3_001,VX_LAU_T3_001_HIT,SD_LAU_T3_001_HIT
LAU_T3_002,破甲炮,LAU,T3,active,100,0,24,20,-,18,-,proj:40m/s:35m,35,-,1.98,phys,1,25,2.0,-,破防:目标物防-30%:8s,none,none,0,0,1,T3+,0,-,团队增益型,35,job_change,AM_LAU_T3_002,VX_LAU_T3_002_HIT,SD_LAU_T3_002_HIT
LAU_T3_003,悬磁炮,LAU,T3,active,100,0,25,18,-,18,-,proj:吸附拖拽,25.0,-,1.79,phys,1,20,0,-,拖拽:目标向自身位移,none,none,0,0,1,T3+,0,弹头吸附强行带动目标,触地爆炸,40,job_change,AM_LAU_T3_003,VX_LAU_T3_003_HIT,SD_LAU_T3_003_HIT
LAU_T3_004,热感飞弹,LAU,T3,active,105,0,26,16,-,16,-,proj:追踪:100°/s×2,25.0,-,0.96,fire,2,20,1.0,-,burn:40:3s,none,none,0,0,1,T3+,0,热源引导从天而降,弱追踪,40,job_change,AM_LAU_T3_004,VX_LAU_T3_004_HIT,SD_LAU_T3_004_HIT
LAU_T3_005,量子炮,LAU,T3,active,110,0,28,22,-,18,-,proj:38m/s:32m,32,-,2.08,phys,1,25,2.0,-,none,none,-,0,1,0,T3+,0,蓄力强后座(自退2m),-,45,job_change,AM_LAU_T3_005,VX_LAU_T3_005_HIT,SD_LAU_T3_005_HIT
LAU_T4_001,稳定炮架,LAU,T4,buff,120,0,60,30,8s,15,-,none,-,-,0,none,-,0,0,-,none,SSA:30-510f,-,0,0,0,any,0,限定位置:不可移动跳跃→攻防大幅+不可打断+霸体,展开1s收起0.5s（原著75级）,75,job_change,AM_LAU_T4_001,VX_LAU_T4_001,SD_LAU_T4_001
LAU_T4_002,蓄能火炮,LAU,T4,active,150,0,50,40,-,28,-,circle:r6.0,25.0,-,2.64,phys,1,30,2.0,-,none,SSA:0-40f,-,0,1,0,T4+,0,蓄力:2s,觉醒技（原著）按T4竞技档,50,awakening,AM_LAU_T4_002,VX_LAU_T4_002_HIT,SD_LAU_T4_002_HIT
LAU_U_001,卫星射线,LAU,U,active,280,0,120,40,3s,30,18,circle:r5.0:主柱+6子柱,25.0,-,4.06,light,-,20,0,-,slow:40%,SSA:0-40f,-,0,0,1,none,0,子光柱可手动操控(延迟0.3s),原著70级,70,job_change,AM_LAU_U_001,VX_LAU_U_001_HIT,SD_LAU_U_001_HIT
LAU_PAS_001,重火力控制,LAU,PAS,passive,0,0,0,-,-,-,-,none,-,-,0,none,-,0,0,-,none,none,-,0,0,0,-,0,射程+10%范围+10%;需手炮,转职被动（原著）,20,job_change,AM_LAU_PAS_001,VX_LAU_PAS_001,SD_LAU_PAS_001
MEH_BAS_001,机械手枪射击,MEH,BAS,basic,0,0,0,5,1,2,-,proj:40m/s:18m,18,-,0.20,phys,1,6,0,-,none,none,-,0,1,0,any,0,-,GDD14.12,1,normal,AM_MEH_BAS_001,VX_MEH_BAS_001_HIT,SD_MEH_BAS_001_HIT
MEH_T1_001,机械追踪,MEH,T1,summon,40,0,8,10,-,8,-,unit:自爆:r2.0,15,-,0.92,phys,-,0,0,-,none,none,-,0,0,0,-,0,自爆小机器人:行走寻敌,部署位×3,5,normal,AM_MEH_T1_001,VX_MEH_T1_001_HIT,SD_MEH_T1_001_HIT
MEH_T1_002,机械拳,MEH,T1,active,35,0,6,8,3,10,-,box:0.8x0.8x1.6,1.6,-,0.80,phys,1,14,0,-,none,none,-,0,0,0,T1+,0,体术,-,1,normal,AM_MEH_T1_002,VX_MEH_T1_002_HIT,SD_MEH_T1_002_HIT
MEH_T1_003,跳雷,MEH,T1,active,40,0,8,10,-,10,-,lob:弹跳:r2.5,10.0,-,0.82,phys,-,20,1.0,-,none,none,-,0,0,0,-,0,弹跳至目标位置爆炸,抛物线越掩体,15,normal,AM_MEH_T1_003,VX_MEH_T1_003_HIT,SD_MEH_T1_003_HIT
MEH_T1_004,空气压缩机,MEH,T1,active,45,0,9,10,3,12,-,cone:r3.0:a90,3.0,90,0.76,phys,1,10,3.0,-,none,none,-,0,0,0,T1+,0,吹飞3m:无光影效果,视觉欺骗技（原著）,15,normal,AM_MEH_T1_004,VX_MEH_T1_004_HIT,SD_MEH_T1_004_HIT
MEH_T1_005,推进器,MEH,T1,buff,40,0,10,6,4s,8,-,none,-,-,0,none,-,0,0,-,none,none,-,0,0,0,any,0,移速+40%,加速移动,20,job_change,AM_MEH_T1_005,VX_MEH_T1_005,SD_MEH_T1_005
MEH_T2_001,捕猎者,MEH,T2,summon,55,0,12,12,-,10,-,unit:追咬,15,-,1.00,phys,-,0,0,-,slow:20%,none,none,0,0,0,-,0,机械狗:速度远超机械追踪,部署位×3,30,job_change,AM_MEH_T2_001,VX_MEH_T2_001_HIT,SD_MEH_T2_001_HIT
MEH_T2_002,机械空投,MEH,T2,active,70,0,16,14,-,14,-,lob:zone:r3.0:4s,14.0,-,1.04,fire,-,15,0.5,-,burn:30:持续,none,none,0,0,0,-,0,两个飞行器排队丢炸弹,-,45,job_change,AM_MEH_T2_002,VX_MEH_T2_002_HIT,SD_MEH_T2_002_HIT
MEH_T2_003,机械旋翼,MEH,T2,buff,60,0,18,8,4s,10,-,self,-,-,0,none,-,0,0,-,none,none,-,0,0,0,any,0,本体空中移动4s,需机械箱（原著）,20,job_change,AM_MEH_T2_003,VX_MEH_T2_003,SD_MEH_T2_003
MEH_T2_004,电子眼,MEH,T2,deploy,45,0,20,10,20s,10,-,deploy:侦察:HP150,25.0,-,0,none,-,0,0,-,none,none,-,0,0,0,-,0,视角共享:小地图脉冲,信息技,30,job_change,AM_MEH_T2_004,VX_MEH_T2_004,SD_MEH_T2_004
MEH_T2_005,钻臂冲击,MEH,T2,active,60,0,12,12,4,14,-,box:1.0x1.0x2.5,2.5,-,1.16,phys,1,16,2.5,-,none,none,-,0,0,0,T2+,0,体术,击退2.5m,25,job_change,AM_MEH_T2_005,VX_MEH_T2_005_HIT,SD_MEH_T2_005_HIT
MEH_T3_001,磁场线圈,MEH,T3,deploy,85,0,25,14,6s,14,-,zone:r4.0,4.0,-,0,none,-,0,0,-,weight:x1.5,none,none,0,0,0,-,0,范围内负重成倍增加,与灰阵同类机制,40,job_change,AM_MEH_T3_001,VX_MEH_T3_001,SD_MEH_T3_001
MEH_T3_002,自走火炮,MEH,T3,summon,75,0,18,12,-,12,-,unit:定点炮击,20.0,-,1.64,phys,-,15,1.0,-,none,none,-,0,0,0,-,0,定点远程炮击,每2s一发,40,job_change,AM_MEH_T3_002,VX_MEH_T3_002_HIT,SD_MEH_T3_002_HIT
MEH_T4_001,放大器,MEH,T4,active,150,0,50,14,-,14,-,proj:30m/s:18m,18,-,0,magic,1,0,0,-,amplify:下一击×2,none,none,0,0,1,any,0,标记目标:所受下一次技能伤害×2:上限2500,每局2次,50,job_change,AM_MEH_T4_001,VX_MEH_T4_001,SD_MEH_T4_001
MEH_U_001,火箭拳,MEH,U,active,280,0,120,26,-,24,-,box:1.5x1.5x6.0,6.0,-,4.25,phys,1,0,0,8.0,none,SSA:0-26f,-,0,0,0,none,0,火箭推进,体术终极,55,job_change,AM_MEH_U_001,VX_MEH_U_001_HIT,SD_MEH_U_001_HIT
STR_BAS_001,拳击一段,STR,BAS,basic,0,0,0,6,2,10,-,box:0.8x0.8x1.4,1.4,-,0.28,phys,1,10,0,-,none,none,-,0,0,0,any,0,-,全游戏最快普攻（GDD14.13.4）,1,normal,AM_STR_BAS_001,VX_STR_BAS_001_HIT,SD_STR_BAS_001_HIT
STR_BAS_002,拳击二段,STR,BAS,basic,0,0,0,6,2,10,-,box:0.8x0.8x1.4,1.4,-,0.30,phys,1,10,0,-,none,none,-,0,0,0,any,0,-,-,1,normal,AM_STR_BAS_002,VX_STR_BAS_002_HIT,SD_STR_BAS_002_HIT
STR_BAS_003,拳击三段,STR,BAS,basic,0,0,0,7,2,11,-,box:0.8x0.8x1.4,1.4,-,0.32,phys,1,12,0,-,none,none,-,0,0,0,any,0,-,-,1,normal,AM_STR_BAS_003,VX_STR_BAS_003_HIT,SD_STR_BAS_003_HIT
STR_BAS_004,拳击四段,STR,BAS,basic,0,0,0,7,2,12,-,box:0.8x0.8x1.4,1.4,-,0.35,phys,1,12,0,-,none,none,-,0,0,0,any,0,-,-,1,normal,AM_STR_BAS_004,VX_STR_BAS_004_HIT,SD_STR_BAS_004_HIT
STR_BAS_005,拳击五段,STR,BAS,basic,0,0,0,9,3,13,-,box:0.8x0.8x1.6,1.6,-,0.40,phys,1,14,0.5,-,none,none,-,0,0,0,any,0,-,-,1,normal,AM_STR_BAS_005,VX_STR_BAS_005_HIT,SD_STR_BAS_005_HIT
STR_BAS_006,拳击六段,STR,BAS,basic,0,0,0,12,3,16,-,box:0.8x0.8x1.8,1.8,-,0.50,phys,1,16,1.5,-,none,none,-,0,0,0,any,0,-,击退收尾,1,normal,AM_STR_BAS_006,VX_STR_BAS_006_HIT,SD_STR_BAS_006_HIT
STR_T1_001,高飞脚,STR,T1,active,35,0,6,12,4,16,-,fan:r1.6:a100,1.6,100,0.82,phys,1,0,0,8.0,none,none,-,0,0,0,T1+,0,-,起浮,1,normal,AM_STR_T1_001,VX_STR_T1_001_HIT,SD_STR_T1_001_HIT
STR_T1_002,前踢,STR,T1,active,30,0,5,8,3,10,-,box:0.8x0.8x1.5,1.5,-,0.78,phys,1,12,1.5,-,none,none,-,0,0,0,T1+,0,出招收招都相当迅速,击退1.5m,5,normal,AM_STR_T1_002,VX_STR_T1_002_HIT,SD_STR_T1_002_HIT
STR_T1_003,冲拳,STR,T1,active,35,0,5,10,3,12,-,box:0.8x0.8x1.8,1.8,-,0.80,phys,1,14,0,-,none,none,-,0,0,0,T1+,0,短突1m,-,10,normal,AM_STR_T1_003,VX_STR_T1_003_HIT,SD_STR_T1_003_HIT
STR_T1_004,飞脚,STR,T1,active,30,0,5,10,3,12,-,fan:r1.6:a90,1.6,90,0.78,phys,1,12,0,-,none,none,-,0,0,0,T1+,0,单腿踹出,-,15,normal,AM_STR_T1_004,VX_STR_T1_004_HIT,SD_STR_T1_004_HIT
STR_T2_001,窝心脚,STR,T2,active,45,0,9,12,4,14,-,box:0.8x0.8x1.6,1.6,-,1.11,phys,1,18,0,-,none,none,-,0,0,0,T2+,0,单脚撩起:破下段,-,25,job_change,AM_STR_T2_001,VX_STR_T2_001_HIT,SD_STR_T2_001_HIT
STR_T2_002,旋风腿,STR,T2,active,60,0,11,12,-,16,-,circle:r2.0,2.0,-,0.46,phys,3,12,1.0,-,none,none,-,0,0,0,T2+,1,飞身旋出一脚360°;可空中,击退1m,25,job_change,AM_STR_T2_002,VX_STR_T2_002_HIT,SD_STR_T2_002_HIT
STR_T2_003,钢筋铁骨,STR,T2,buff,70,0,20,10,20s,12,-,none,-,-,0,none,-,0,0,-,none,SA:10-210f,-,0,0,0,any,0,物防大幅+霸体,20s（原著15级）,15,normal,AM_STR_T2_003,VX_STR_T2_003,SD_STR_T2_003
STR_T2_004,鹰踏,STR,T2,active,60,0,12,8,9,14,3,box:1.0x1.0x2.0,2.0,-,0.41,phys,3,10,0,-,none,none,-,1,0,0,T2+,0,空中踏击:一阶两脚满阶五脚,满阶5段（原著20级）,20,job_change,AM_STR_T2_004,VX_STR_T2_004_HIT,SD_STR_T2_004_HIT
STR_T2_005,崩拳,STR,T2,active,55,0,9,10,3,12,-,box:0.8x0.8x1.8,1.8,-,1.13,phys,1,25,0,-,none,none,-,0,0,0,T2+,0,强硬直25f,直拳崩打,25,job_change,AM_STR_T2_005,VX_STR_T2_005_HIT,SD_STR_T2_005_HIT
STR_T2_006,高踢,STR,T2,active,55,0,9,12,4,14,-,fan:r1.8:a100,1.8,100,1.13,phys,1,0,0,7.0,none,none,-,0,0,0,T2+,0,击飞7.0,-,25,job_change,AM_STR_T2_006,VX_STR_T2_006_HIT,SD_STR_T2_006_HIT
STR_T1_005,云身,STR,T1,active,40,0,10,6,-,10,-,self,4.0,-,0,none,-,0,0,-,none,none,-,0,0,0,any,0,闪身位移4m,-,25,job_change,AM_STR_T1_005,VX_STR_T1_005,SD_STR_T1_005
STR_T3_001,空手入白刃,STR,T3,counter,95,0,25,8,-,18,-,cone:r2.0:a90,2.0,90,1.30,phys,1,25,1.0,-,none,none,invincible:8-16f,0,0,0,counter,0,拆挡:招架成功后下一击100%命中,反击成功给免费取消窗（原著30级）,30,job_change,AM_STR_T3_001,VX_STR_T3_001_HIT,SD_STR_T3_001_HIT
STR_T3_002,千斤坠,STR,T3,active,100,0,28,14,4,18,-,box:1.0x1.0x2.0,2.0,-,1.88,phys,1,25,0,-,none,SA:14-18f,-,0,0,0,T3+,0,霸体不可撞开(互伤判定);抓取无效;仅破霸体技可破,（原著50级前）,45,job_change,AM_STR_T3_002,VX_STR_T3_002_HIT,SD_STR_T3_002_HIT
STR_T3_003,伏虎腾翔,STR,T3,active,100,0,26,14,-,18,-,box:1.2x1.2x6.0,6.0,-,1.81,phys,1,0,1.0,-,none,none,-,1,0,0,T3+,0,爆发位移6m+踩翻,倒地,60,job_change,AM_STR_T3_003,VX_STR_T3_003_HIT,SD_STR_T3_003_HIT
STR_T3_004,寸劲,STR,T3,buff,80,0,30,8,10s,10,-,none,-,-,0,none,-,0,0,-,none,none,-,0,0,0,any,0,状态:缩短发劲距离+拳速:攻速+20%:1m内+15%,75级状态技（非爆发）,75,job_change,AM_STR_T3_004,VX_STR_T3_004,SD_STR_T3_004
STR_T4_001,霸皇拳,STR,T4,active,165,0,55,26,-,24,-,box:1.0x1.0x2.2,2.2,-,2.72,phys,1,35,3.0,-,none,SA:0-26f,-,0,0,0,T4+,0,蓄力形态与普攻直拳一致,欺骗性（原著）,50,job_change,AM_STR_T4_001,VX_STR_T4_001_HIT,SD_STR_T4_001_HIT
STR_T4_002,闪电光速拳,STR,T4,active,160,0,50,16,24,22,3,fan:r2.0:a90,2.0,90,0.34,phys,8,10,0,-,none,none,-,0,0,0,T4+,0,无数拳影极具欺骗性,75级,75,job_change,AM_STR_T4_002,VX_STR_T4_002_HIT,SD_STR_T4_002_HIT
STR_U_001,猛虎乱舞,STR,U,active,280,0,120,28,2s,30,12,box:1.0x1.0x2.5:可控,2.5,-,0.42,phys,10,10,0,7.0,none,SSA:0-28f,-,0,0,0,none,0,释放后可控轨迹(转向≤90°/s);末击强吹飞,70级觉醒,70,job_change,AM_STR_U_001,VX_STR_U_001_HIT,SD_STR_U_001_HIT
QIM_BAS_001,念气拳一段,QIM,BAS,basic,0,0,0,8,3,12,-,box:0.9x0.9x2.0,2.0,-,0.30,phys,1,12,0,-,none,none,-,0,0,0,any,0,-,念气延伸判定（GDD14.14.4）,1,normal,AM_QIM_BAS_001,VX_QIM_BAS_001_HIT,SD_QIM_BAS_001_HIT
QIM_BAS_002,念气拳二段,QIM,BAS,basic,0,0,0,9,3,12,-,box:0.9x0.9x2.0,2.0,-,0.32,phys,1,12,0,-,none,none,-,0,0,0,any,0,-,-,1,normal,AM_QIM_BAS_002,VX_QIM_BAS_002_HIT,SD_QIM_BAS_002_HIT
QIM_BAS_003,念气拳三段,QIM,BAS,basic,0,0,0,10,3,14,-,box:0.9x0.9x2.0,2.0,-,0.38,phys,1,14,0,-,none,none,-,0,0,0,any,0,-,-,1,normal,AM_QIM_BAS_003,VX_QIM_BAS_003_HIT,SD_QIM_BAS_003_HIT
QIM_BAS_004,念气拳四段,QIM,BAS,basic,0,0,0,13,4,16,-,box:0.9x0.9x2.2,2.2,-,0.50,phys,1,16,1.5,-,none,none,-,0,0,0,any,0,-,击退1.5m,1,normal,AM_QIM_BAS_004,VX_QIM_BAS_004_HIT,SD_QIM_BAS_004_HIT
QIM_T1_001,逆流,QIM,T1,active,35,0,6,12,4,14,-,fan:r2.0:a90,2.0,90,0.80,phys,1,0,0,7.0,none,none,-,0,0,0,T1+,0,隐蔽性较强:前摇动作不明显,搓动气息起浮,1,normal,AM_QIM_T1_001,VX_QIM_T1_001_HIT,SD_QIM_T1_001_HIT
QIM_T1_002,气波弹,QIM,T1,active,35,0,4,8,-,10,-,proj:30m/s:18m,18,-,0.80,magic,1,10,0,-,none,none,-,0,1,0,T1+,0,吟唱超快,-,5,normal,AM_QIM_T1_002,VX_QIM_T1_002_HIT,SD_QIM_T1_002_HIT
QIM_T1_003,念气波,QIM,T1,active,35,0,4,10,-,10,-,proj:28m/s:20m,20,-,0.80,magic,1,10,1.0,-,none,none,-,0,1,0,T1+,0,-,-,10,normal,AM_QIM_T1_003,VX_QIM_T1_003_HIT,SD_QIM_T1_003_HIT
QIM_T1_004,推云掌,QIM,T1,active,40,0,8,10,3,12,-,box:1.0x1.0x2.5,2.5,-,0.78,phys,1,12,3.0,-,none,none,-,0,0,0,T1+,0,隔空击物:击退与距离成反比(贴身最强),（原著隐藏属性）,15,normal,AM_QIM_T1_004,VX_QIM_T1_004_HIT,SD_QIM_T1_004_HIT
QIM_T2_001,裂云掌,QIM,T2,active,50,0,10,12,3,12,-,box:1.0x1.0x2.2,2.2,-,1.09,phys,1,16,0,-,none,none,-,0,0,0,T2+,0,-,-,20,job_change,AM_QIM_T2_001,VX_QIM_T2_001_HIT,SD_QIM_T2_001_HIT
QIM_T1_005,气波盾,QIM,T1,buff,45,0,12,8,6s,10,-,cone:r2.0:a90,2.0,90,0,none,-,0,0,-,none,none,-,0,0,0,any,0,正面90°减伤80%,防御面积小能力强,25,job_change,AM_QIM_T1_005,VX_QIM_T1_005,SD_QIM_T1_005
QIM_T2_002,念气罩,QIM,T2,buff,80,0,18,10,30s,12,-,circle:r3.5:耐久2000,3.5,-,0,none,-,0,0,-,none,none,-,0,0,0,any,0,吸收一切攻击伤害:可被击破,原著25级30s（原著数值）,25,job_change,AM_QIM_T2_002,VX_QIM_T2_002,SD_QIM_T2_002
QIM_T2_003,气刃,QIM,T2,active,50,0,9,12,-,12,-,proj:32m/s:18m,18,-,1.09,phys,1,12,1.0,-,none,none,-,0,0,0,T2+,0,无形状无光影:完全隐蔽,命中带冲击,25,job_change,AM_QIM_T2_003,VX_QIM_T2_003_HIT,SD_QIM_T2_003_HIT
QIM_T2_004,捉云手,QIM,T2,grab,55,0,14,12,-,12,-,box:1.0x1.0x2.0,2.0,-,0,none,1,0,2.0,-,none,none,-,0,0,0,T2+,0,捕捉无伤害:拉至身前2m,速度距离随等阶,25,job_change,AM_QIM_T2_004,VX_QIM_T2_004_HIT,SD_QIM_T2_004_HIT
QIM_T2_005,气定神闲,QIM,T2,buff,60,0,25,10,8s,10,-,aura:r5.0,5.0,-,0,none,-,0,0,-,none,none,-,0,0,0,any,0,解除免疫恐惧/嘲讽,解控技,30,job_change,AM_QIM_T2_005,VX_QIM_T2_005,SD_QIM_T2_005
QIM_T2_006,轰天炮,QIM,T2,active,70,0,14,14,-,14,-,circle:r3.5,3.5,-,1.22,magic,1,20,1.0,-,none,none,-,0,0,0,T2+,0,全角度:不强求对空,-,30,job_change,AM_QIM_T2_006,VX_QIM_T2_006_HIT,SD_QIM_T2_006_HIT
QIM_T3_001,地雷震,QIM,T3,active,95,0,24,16,-,16,-,circle:r4.0,4.0,-,1.84,phys,1,0,0,-,none,none,-,1,0,0,T3+,0,念气地下游走:往翻里掀,倒地,40,job_change,AM_QIM_T3_001,VX_QIM_T3_001_HIT,SD_QIM_T3_001_HIT
QIM_T3_002,念龙波,QIM,T3,active,90,0,22,14,可控,16,-,proj:26m/s:14m:可转向,14.0,-,1.79,magic,1,20,0,-,对敌:削攻削速,none,none,0,0,0,T3+,0,自由转向;打自己/队友=增益,（原著70级前）,60,job_change,AM_QIM_T3_002,VX_QIM_T3_002_HIT,SD_QIM_T3_002_HIT
QIM_T3_003,闪光百裂,QIM,T3,active,95,0,24,12,15,16,3,fan:r2.2:a100,2.2,100,0.39,phys,5,10,0,-,none,none,-,0,0,0,T3+,0,命中后可续注入气息(追按续段最多+5段),操作续段,40,job_change,AM_QIM_T3_003,VX_QIM_T3_003_HIT,SD_QIM_T3_003_HIT
QIM_T3_004,截脉,QIM,T4,active,130,0,50,16,-,16,-,box:1.0x1.0x2.5,2.5,-,2.30,magic,1,20,0,-,截脉:ATK/攻速/移速/防御剥夺:8s,none,none,0,0,0,T4+,0,伤四围不伤生命,75级,75,job_change,AM_QIM_T3_004,VX_QIM_T3_004_HIT,SD_QIM_T3_004_HIT
QIM_T4_002,螺旋念气杀,QIM,T4,active,160,0,55,16,-,20,-,cone:r5:a60,5.0,60,2.47,magic,1,0,0,8.0,none,none,-,0,0,0,T4+,0,顺时针=击飞8.0/逆时针=吸附3m,双向一技（原著）,55,job_change,AM_QIM_T4_002,VX_QIM_T4_002_HIT,SD_QIM_T4_002_HIT
QIM_T4_003,千念怒放,QIM,T4,active,160,0,50,20,1.5s,20,10,cone:r6:a45,6.0,45,2.41,magic,-,10,0,-,none,none,-,0,0,0,T4+,0,可蓄力,念气疯狂喷出,75,job_change,AM_QIM_T4_003,VX_QIM_T4_003_HIT,SD_QIM_T4_003_HIT
QIM_U_001,气功爆破,QIM,U,active,280,0,120,20,-,20,-,box:1.0x1.0x2.5,2.5,-,4.21,magic,1,35,0,-,none,none,-,0,0,0,none,0,气息注入目标体内:伤害第一,气贯长虹为觉醒皮肤二选,70,job_change,AM_QIM_U_001,VX_QIM_U_001_HIT,SD_QIM_U_001_HIT
QIM_PAS_001,护体真气,QIM,PAS,passive,0,0,0,-,-,-,-,none,-,-,0,none,-,0,0,-,none,none,-,0,0,0,-,0,MP>70%:DEF+15%;<30%:DEF-10%,随法力百分比（原著）,20,job_change,AM_QIM_PAS_001,VX_QIM_PAS_001,SD_QIM_PAS_001
GRP_BAS_001,摔技一段,GRP,BAS,basic,0,0,0,8,2,11,-,box:0.8x0.8x1.3,1.3,-,0.30,phys,1,12,0,-,none,none,-,0,0,0,any,0,-,GDD14.15.4,1,normal,AM_GRP_BAS_001,VX_GRP_BAS_001_HIT,SD_GRP_BAS_001_HIT
GRP_BAS_002,摔技二段,GRP,BAS,basic,0,0,0,8,2,11,-,box:0.8x0.8x1.3,1.3,-,0.32,phys,1,12,0,-,none,none,-,0,0,0,any,0,-,-,1,normal,AM_GRP_BAS_002,VX_GRP_BAS_002_HIT,SD_GRP_BAS_002_HIT
GRP_BAS_003,摔技三段,GRP,BAS,basic,0,0,0,10,3,13,-,box:0.8x0.8x1.5,1.5,-,0.36,phys,1,16,0,-,none,none,-,0,0,0,any,0,-,-,1,normal,AM_GRP_BAS_003,VX_GRP_BAS_003_HIT,SD_GRP_BAS_003_HIT
GRP_BAS_004,摔技四段,GRP,BAS,basic,0,0,0,12,3,15,-,box:0.8x0.8x1.7,1.7,-,0.48,phys,1,16,1.0,-,none,none,-,0,0,0,any,0,-,击退1.0m,1,normal,AM_GRP_BAS_004,VX_GRP_BAS_004_HIT,SD_GRP_BAS_004_HIT
GRP_T1_001,背摔,GRP,T1,grab,35,0,8,12,-,16,-,box:1.0x1.0x1.5,1.5,-,1.00,phys,1,0,0,-,震地波:r2.5:0.30,none,none,0,0,0,T1+,0,破霸体;受身无效;落点可控,举过头顶摔（原著5级名技）,5,normal,AM_GRP_T1_001,VX_GRP_T1_001_HIT,SD_GRP_T1_001_HIT
GRP_T1_002,抛投,GRP,T1,grab,35,0,8,12,-,16,-,box:1.0x1.0x1.5,1.5,-,0.96,phys,1,0,0,-,none,none,-,0,0,0,T1+,0,投掷方向8向可控,位置控制权,15,normal,AM_GRP_T1_002,VX_GRP_T1_002_HIT,SD_GRP_T1_002_HIT
GRP_T1_003,单手擒,GRP,T1,grab,30,0,6,10,-,12,-,box:0.8x0.8x1.5,1.5,-,0.84,phys,1,25,0,-,none,none,-,0,0,0,T1+,0,单手抓取,-,1,normal,AM_GRP_T1_003,VX_GRP_T1_003_HIT,SD_GRP_T1_003_HIT
GRP_T1_004,肘落,GRP,T1,active,35,0,7,10,4,12,-,box:1.0x0.8x1.5,1.5,-,0.82,phys,1,20,0,-,none,none,-,1,0,0,T1+,0,扫地,少数扫地技,10,normal,AM_GRP_T1_004,VX_GRP_T1_004_HIT,SD_GRP_T1_004_HIT
GRP_T2_001,接投,GRP,T2,grab,60,0,14,10,-,16,-,box:1.0x1.0x1.5,1.5,-,1.29,phys,1,0,0,-,none,none,invincible:10-20f,0,0,0,counter,0,拆挡技:无视霸体,托肘过肩摔（原著20级）,20,job_change,AM_GRP_T2_001,VX_GRP_T2_001_HIT,SD_GRP_T2_001_HIT
GRP_T2_002,旋投,GRP,T2,grab,65,0,14,14,-,18,-,box:1.0x1.0x1.5,1.5,-,1.33,phys,1,0,0,7.0,none,none,-,0,0,0,T2+,0,旋转方向可控,拿双腿甩一圈,25,job_change,AM_GRP_T2_002,VX_GRP_T2_002_HIT,SD_GRP_T2_002_HIT
GRP_T2_003,抱身投,GRP,T2,grab,60,0,13,12,-,16,-,box:1.0x1.0x1.5,1.5,-,1.27,phys,1,30,0,-,none,none,-,0,0,0,T2+,0,-,-,25,job_change,AM_GRP_T2_003,VX_GRP_T2_003_HIT,SD_GRP_T2_003_HIT
GRP_T2_004,头上拂,GRP,T2,grab,60,0,13,12,-,14,-,cyl:r1.5:h3.5,1.5,-,1.22,phys,1,0,0,-,none,none,-,0,0,0,T2+,0,对空抓取判定极强,把浮空目标拽下来摔,30,job_change,AM_GRP_T2_004,VX_GRP_T2_004_HIT,SD_GRP_T2_004_HIT
GRP_T2_005,地上拂,GRP,T2,grab,55,0,12,10,-,12,-,box:1.0x1.0x1.5,1.5,-,1.15,phys,1,0,0,6.5,none,none,-,0,0,0,T2+,0,拎起一扬,起浮+抓取合一,30,job_change,AM_GRP_T2_005,VX_GRP_T2_005_HIT,SD_GRP_T2_005_HIT
GRP_T2_006,回旋折脚,GRP,T2,grab,60,0,12,12,-,14,-,box:0.9x0.9x1.6,1.6,-,1.20,phys,1,0,0,-,none,none,-,1,0,0,T2+,0,直接折翻在地,倒地,30,job_change,AM_GRP_T2_006,VX_GRP_T2_006_HIT,SD_GRP_T2_006_HIT
GRP_T2_007,地雷震,GRP,T2,active,65,0,13,14,-,14,-,circle:r3.0,3.0,-,1.20,phys,1,0,1.0,-,none,none,-,1,0,0,T2+,0,双拳砸地冲击波,倒地AOE,30,job_change,AM_GRP_T2_007,VX_GRP_T2_007_HIT,SD_GRP_T2_007_HIT
GRP_T3_001,空绞杀,GRP,T3,grab,95,0,24,12,-,18,-,cyl:r1.5:h4.0,1.5,-,2.03,phys,1,0,0,-,none,none,-,0,0,0,T3+,0,需浮空目标;空中夹住拧转,长倒地,40,job_change,AM_GRP_T3_001,VX_GRP_T3_001_HIT,SD_GRP_T3_001_HIT
GRP_T3_002,双手飞,GRP,T3,grab,95,0,24,14,-,18,-,box:2.0x1.0x1.5,1.5,-,1.69,phys,1,0,0,-,none,none,-,0,0,0,T3+,0,左右手各抓一个（多目标）,团战双抓,40,job_change,AM_GRP_T3_002,VX_GRP_T3_002_HIT,SD_GRP_T3_002_HIT
GRP_T3_003,致命空投,GRP,T3,grab,100,0,26,16,-,18,-,box:1.0x1.0x1.8,1.8,-,2.08,phys,1,0,0,-,none,none,-,0,0,0,T3+,0,高空重摔,长倒地,45,job_change,AM_GRP_T3_003,VX_GRP_T3_003_HIT,SD_GRP_T3_003_HIT
GRP_T4_001,螺转旋风杀,GRP,T4,grab,165,0,55,18,-,24,-,circle:r3.0,3.0,-,0.84,phys,3,0,0,-,none,SA:18-23f,-,0,0,0,T4+,0,范围内目标全部扭杀（多目标）,（原著70级）,70,job_change,AM_GRP_T4_001,VX_GRP_T4_001_HIT,SD_GRP_T4_001_HIT
GRP_U_001,空中灌篮,GRP,U,grab,280,0,120,24,-,30,-,box:1.2x1.2x2.0,2.0,-,4.21,phys,1,0,0,-,落点AOE:r3.0,none,none,0,0,0,none,0,落点可控;受身无效待评审,从高空狠狠掷下,60,job_change,AM_GRP_U_001,VX_GRP_U_001_HIT,SD_GRP_U_001_HIT
ROG_BAS_001,爪击一段,ROG,BAS,basic,0,0,0,8,2,11,-,fan:r1.8:a90,1.8,90,0.28,phys,1,12,0,-,none,none,-,0,0,0,any,0,-,GDD14.16.4,1,normal,AM_ROG_BAS_001,VX_ROG_BAS_001_HIT,SD_ROG_BAS_001_HIT
ROG_BAS_002,爪击二段,ROG,BAS,basic,0,0,0,8,2,11,-,fan:r1.8:a90,1.8,90,0.30,phys,1,12,0,-,none,none,-,0,0,0,any,0,-,-,1,normal,AM_ROG_BAS_002,VX_ROG_BAS_002_HIT,SD_ROG_BAS_002_HIT
ROG_BAS_003,爪击三段,ROG,BAS,basic,0,0,0,9,3,12,-,fan:r1.8:a90,1.8,90,0.34,phys,1,14,0,-,none,none,-,0,0,0,any,0,-,-,1,normal,AM_ROG_BAS_003,VX_ROG_BAS_003_HIT,SD_ROG_BAS_003_HIT
ROG_BAS_004,爪击四段,ROG,BAS,basic,0,0,0,11,3,14,-,fan:r1.8:a100,1.8,100,0.44,phys,1,14,1.0,-,none,none,-,0,0,0,any,0,-,-,1,normal,AM_ROG_BAS_004,VX_ROG_BAS_004_HIT,SD_ROG_BAS_004_HIT
ROG_T1_001,勾拳,ROG,T1,active,35,0,6,12,4,14,-,box:0.8x0.8x1.6,1.6,-,0.80,phys,1,0,0,7.0,none,none,-,0,0,0,T1+,0,制造浮空,-,1,normal,AM_ROG_T1_001,VX_ROG_T1_001_HIT,SD_ROG_T1_001_HIT
ROG_T1_002,耳光,ROG,T1,active,30,0,5,8,4,10,2,box:0.7x0.7x1.4,1.4,-,0.41,phys,2,10,0,-,none,none,-,0,0,0,T1+,0,二段连击,伤害低羞辱高,5,normal,AM_ROG_T1_002,VX_ROG_T1_002_HIT,SD_ROG_T1_002_HIT
ROG_T1_003,膝袭,ROG,T1,active,35,0,6,10,3,12,-,box:0.8x0.8x1.6,1.6,-,0.78,phys,1,14,0,-,none,none,-,0,0,0,T1+,0,背击时击退;不带击倒,撕人过来提膝,10,normal,AM_ROG_T1_003,VX_ROG_T1_003_HIT,SD_ROG_T1_003_HIT
ROG_T1_004,肘击,ROG,T1,active,30,0,5,9,3,11,-,box:0.8x0.8x1.4,1.4,-,0.76,phys,1,14,0,-,none,none,-,0,0,0,T1+,0,低阶,-,10,normal,AM_ROG_T1_004,VX_ROG_T1_004_HIT,SD_ROG_T1_004_HIT
ROG_T1_005,头槌,ROG,T1,active,35,0,7,12,4,12,-,box:0.8x0.8x1.2,1.2,-,0.80,phys,1,18,0,-,none,none,-,0,0,0,T1+,0,以头爆头,-,25,job_change,AM_ROG_T1_005,VX_ROG_T1_005_HIT,SD_ROG_T1_005_HIT
ROG_T2_001,锁喉,ROG,T2,active,60,0,16,12,2s,14,10,box:0.8x0.8x1.5,1.5,-,1.00,phys,-,0,0,-,锁喉:目标攻防-50%,none,none,0,0,0,T2+,0,背身无法使用;期间自身可继续攻击,等级+0.5s/档（原著15级）,15,normal,AM_ROG_T2_001,VX_ROG_T2_001_HIT,SD_ROG_T2_001_HIT
ROG_T2_002,砖袭,ROG,T2,active,55,0,12,12,-,14,-,lob:r1.5:12m,12.0,-,1.09,phys,1,0,0,-,stun:3s@50%:背击100%4s,none,none,0,0,0,T2+,0,可直拍可投掷;飞砖全部减半,打头眩晕（原著20级数值）,20,job_change,AM_ROG_T2_002,VX_ROG_T2_002_HIT,SD_ROG_T2_002_HIT
ROG_T2_003,抛沙,ROG,T2,active,45,0,10,8,-,10,-,cone:r2.5:a60,2.5,60,1.00,phys,1,10,0,-,blind:4s@50%(满级100%8s),none,none,0,0,0,T2+,0,对着眼睛扔,法术伤害（原著）,20,job_change,AM_ROG_T2_003,VX_ROG_T2_003_HIT,SD_ROG_T2_003_HIT
ROG_T2_004,涂毒,ROG,T2,buff,50,0,12,10,-,10,-,none,-,-,0,poison,-,0,0,-,none,none,-,0,0,0,any,0,下一次攻击附加毒:无视防御:一次性,25级（原著）,25,job_change,AM_ROG_T2_004,VX_ROG_T2_004,SD_ROG_T2_004
ROG_T2_005,麻针,ROG,T2,active,50,0,14,12,-,12,-,proj:35m/s:10m,10.0,-,1.02,phys,1,0,0,-,paralysis:1.2s,none,none,0,0,1,T2+,0,麻痹控制,-,30,job_change,AM_ROG_T2_005,VX_ROG_T2_005_HIT,SD_ROG_T2_005_HIT
ROG_T2_006,汽油瓶,ROG,T2,active,60,0,14,14,-,14,-,lob:r2.5:8m,8.0,-,1.11,fire,-,15,0.5,-,burn:50:4s,none,none,0,0,0,-,0,命中范围燃烧,飞行道具,30,job_change,AM_ROG_T2_006,VX_ROG_T2_006_HIT,SD_ROG_T2_006_HIT
ROG_T2_007,强力膝袭,ROG,T2,active,55,0,12,12,4,14,-,box:1.0x1.0x3.5,3.5,-,1.13,phys,1,16,2.5,-,none,none,-,0,0,0,T2+,0,双腿滑翔飞出,击退2.5m,30,job_change,AM_ROG_T2_007,VX_ROG_T2_007_HIT,SD_ROG_T2_007_HIT
ROG_T2_008,拦山虎,ROG,T2,buff,55,0,14,8,2s,10,-,cone:r1.8:a120,1.8,120,0,none,-,0,0,-,none,none,-,0,0,0,any,0,防御技:正面减伤60%,拼命护住脸（原著）,30,job_change,AM_ROG_T2_008,VX_ROG_T2_008,SD_ROG_T2_008
ROG_T2_009,双月牙,ROG,T2,active,55,0,11,12,-,12,-,proj:30m/s:8m,8.0,-,0.62,phys,2,10,0,-,none,none,-,0,1,0,T2+,0,两记月牙光芒,-,30,job_change,AM_ROG_T2_009,VX_ROG_T2_009_HIT,SD_ROG_T2_009_HIT
ROG_T3_001,毒针,ROG,T3,active,70,0,22,12,-,12,-,proj:35m/s:10m,10.0,-,1.57,phys,1,10,0,-,bleed:50:5s;破霸体:5-10s,none,none,0,0,1,T3+,0,几率出血+破霸体,30级（原著）,30,job_change,AM_ROG_T3_001,VX_ROG_T3_001_HIT,SD_ROG_T3_001_HIT
ROG_T3_002,伤疤之痛,ROG,T3,active,65,0,20,12,-,12,-,box:0.9x0.9x2.0,2.0,-,1.62,phys,1,16,0,-,bleed:60:5s,none,none,0,0,0,T3+,0,挂伤疤出血,-,35,job_change,AM_ROG_T3_002,VX_ROG_T3_002_HIT,SD_ROG_T3_002_HIT
ROG_T3_003,恐吓,ROG,T3,active,70,0,25,12,-,12,-,cone:r6:a60,6.0,60,0,dark,-,0,0,-,虚弱:ATK-20%:8s,none,none,0,0,0,T3+,0,精神系无法闪避,无直接伤害,35,job_change,AM_ROG_T3_003,VX_ROG_T3_003,SD_ROG_T3_003
ROG_T3_004,霸王连拳,ROG,T3,active,90,0,24,14,18,16,3,box:1.0x1.0x1.5,1.5,-,0.37,phys,6,0,0,-,压制:目标倒地期间持续,none,none,0,0,0,T3+,0,把人按翻在地乱打,控制技,40,job_change,AM_ROG_T3_004,VX_ROG_T3_004_HIT,SD_ROG_T3_004_HIT
ROG_T4_001,以牙还牙,ROG,T4,counter,0,0,30,8,-,8,-,none,-,-,0,none,-,0,0,-,none,none,invincible:0f,0,0,0,any,0,复制最近命中自己的技能:MP×2:每局记3个,75级；不可复制U档,75,job_change,AM_ROG_T4_001,VX_ROG_T4_001,SD_ROG_T4_001
ROG_U_001,街头风暴,ROG,U,buff,280,0,120,20,8s,22,-,none,-,-,0,none,-,0,0,-,none,none,-,0,0,0,none,0,中低阶技能强化且不计CD,8秒无限阴招（原著75级）,75,job_change,AM_ROG_U_001,VX_ROG_U_001,SD_ROG_U_001
ASN_BAS_001,匕击一段,ASN,BAS,basic,0,0,0,6,2,9,-,box:0.7x0.7x1.5,1.5,-,0.26,phys,1,10,0,-,none,none,-,0,0,0,any,0,-,GDD14.17.4,1,normal,AM_ASN_BAS_001,VX_ASN_BAS_001_HIT,SD_ASN_BAS_001_HIT
ASN_BAS_002,匕击二段,ASN,BAS,basic,0,0,0,6,2,9,-,box:0.7x0.7x1.5,1.5,-,0.28,phys,1,10,0,-,none,none,-,0,0,0,any,0,-,-,1,normal,AM_ASN_BAS_002,VX_ASN_BAS_002_HIT,SD_ASN_BAS_002_HIT
ASN_BAS_003,匕击三段,ASN,BAS,basic,0,0,0,7,2,10,-,box:0.7x0.7x1.5,1.5,-,0.30,phys,1,12,0,-,none,none,-,0,0,0,any,0,-,-,1,normal,AM_ASN_BAS_003,VX_ASN_BAS_003_HIT,SD_ASN_BAS_003_HIT
ASN_BAS_004,匕击四段,ASN,BAS,basic,0,0,0,7,2,11,-,box:0.7x0.7x1.5,1.5,-,0.34,phys,1,12,0,-,none,none,-,0,0,0,any,0,-,-,1,normal,AM_ASN_BAS_004,VX_ASN_BAS_004_HIT,SD_ASN_BAS_004_HIT
ASN_BAS_005,匕击五段,ASN,BAS,basic,0,0,0,10,3,13,-,box:0.8x0.8x1.7,1.7,-,0.45,phys,1,16,1.0,-,none,none,-,0,0,0,any,0,-,击退收尾,1,normal,AM_ASN_BAS_005,VX_ASN_BAS_005_HIT,SD_ASN_BAS_005_HIT
ASN_T1_001,跳刀,ASN,T1,active,35,0,6,10,3,12,-,fan:r1.5:a90,1.5,90,0.80,phys,1,0,0,7.0,none,none,-,0,0,0,T1+,0,-,起浮刺,1,normal,AM_ASN_T1_001,VX_ASN_T1_001_HIT,SD_ASN_T1_001_HIT
ASN_T1_002,割喉,ASN,T1,active,45,0,8,10,3,12,-,box:0.7x0.7x1.4,1.4,-,0.90,phys,1,18,0,-,none,none,-,0,0,0,T1+,0,需背身:无视防御,伤害相当可观（原著）,10,normal,AM_ASN_T1_002,VX_ASN_T1_002_HIT,SD_ASN_T1_002_HIT
ASN_T1_003,弧光闪,ASN,T1,active,30,0,5,6,2,8,-,box:0.8x0.8x4.0,4.0,-,0.76,phys,1,10,0,-,none,none,-,0,0,0,T1+,0,位移4m,出招快发动快CD短,5,normal,AM_ASN_T1_003,VX_ASN_T1_003_HIT,SD_ASN_T1_003_HIT
ASN_T1_004,碎踝,ASN,T1,active,35,0,9,8,2,10,-,box:0.7x0.5x1.6,1.6,-,0.74,phys,1,10,0,-,slow:30%:5s,none,none,0,0,0,T1+,0,踹脚踝,-,15,normal,AM_ASN_T1_004,VX_ASN_T1_004_HIT,SD_ASN_T1_004_HIT
ASN_T2_001,错手刺,ASN,T2,active,50,0,10,10,6,12,3,box:0.8x0.8x1.8,1.8,-,0.57,phys,2,12,0,-,slow:40%:双剑形态,none,none,0,0,0,T2+,0,双剑/匕首不同效果,双剑限制移动（原著）,20,job_change,AM_ASN_T2_001,VX_ASN_T2_001_HIT,SD_ASN_T2_001_HIT
ASN_T2_002,疾空踏,ASN,T2,active,55,0,12,8,9,12,3,box:1.0x1.0x2.0,2.0,-,0.40,phys,3,10,0,-,none,none,-,1,0,0,T2+,0,空中蹬腿交替连踩,节奏比鹰踏快（原著）,25,job_change,AM_ASN_T2_002,VX_ASN_T2_002_HIT,SD_ASN_T2_002_HIT
ASN_T2_003,子母刺,ASN,T2,active,55,0,12,12,-,12,-,proj:30m/s:10m,10.0,-,1.09,phys,1,10,0,-,none,none,-,0,1,0,T2+,0,匕首脱层飞出,匕首仍在手,25,job_change,AM_ASN_T2_003,VX_ASN_T2_003_HIT,SD_ASN_T2_003_HIT
ASN_T2_004,穿心刺,ASN,T2,active,55,0,10,12,3,12,-,box:0.7x0.7x2.0,2.0,-,1.11,phys,1,20,0,-,none,none,-,0,0,0,T2+,0,-,-,25,job_change,AM_ASN_T2_004,VX_ASN_T2_004_HIT,SD_ASN_T2_004_HIT
ASN_T2_005,分水刺,ASN,T2,active,55,0,10,12,3,12,-,fan:r1.8:a120,1.8,120,1.09,phys,1,16,0,-,none,none,-,0,0,0,T2+,0,-,-,25,job_change,AM_ASN_T2_005,VX_ASN_T2_005_HIT,SD_ASN_T2_005_HIT
ASN_T3_001,瞬身刺,ASN,T3,active,80,0,22,8,-,10,-,box:0.8x0.8x6.0,6.0,-,1.67,phys,1,16,0,-,none,none,invincible:8-14f,0,0,0,T3+,0,三身位瞬移,速度远超弧光闪,30,job_change,AM_ASN_T3_001,VX_ASN_T3_001_HIT,SD_ASN_T3_001_HIT
ASN_T3_002,闪烁突刺,ASN,T3,active,80,0,25,6,-,10,-,box:0.8x0.8x3.0,3.0,-,1.69,phys,1,16,0,-,none,none,invincible:6-12f,0,0,0,T3+,0,瞬间移动一个身位格,65级,65,job_change,AM_ASN_T3_002,VX_ASN_T3_002_HIT,SD_ASN_T3_002_HIT
ASN_T3_003,如影随形,ASN,T3,active,85,0,25,10,-,10,-,self,8.0,-,0,none,-,0,0,-,none,none,-,0,0,0,any,0,选定目标高速冲至其身位,高级移动技,40,job_change,AM_ASN_T3_003,VX_ASN_T3_003,SD_ASN_T3_003
ASN_T3_004,刺刃风暴,ASN,T3,active,100,0,26,12,15,18,3,fan:r2.0:a110,2.0,110,0.42,phys,5,10,0,-,none,none,-,0,0,0,T3+,0,收招直刺带击退+僵直,连续刺杀,40,job_change,AM_ASN_T3_004,VX_ASN_T3_004_HIT,SD_ASN_T3_004_HIT
ASN_T4_001,要害攻击,ASN,T4,buff,120,0,45,10,10s,12,-,none,-,-,0,none,-,0,0,-,none,none,-,0,0,0,any,0,目标出现要害位:击中200%,觉醒状态；要害位双方可见,50,awakening,AM_ASN_T4_001,VX_ASN_T4_001,SD_ASN_T4_001
ASN_T4_002,舍命一击,ASN,T4,active,0,3000,60,20,-,24,-,box:1.0x1.0x3.0,3.0,-,2.43,phys,1,30,0,-,禁疗:10s,none,none,0,0,0,none,0,燃烧生命无视防御转化伤害,燃烧HP≤3000；命中后10s禁疗禁药（原著）,45,job_change,AM_ASN_T4_002,VX_ASN_T4_002_HIT,SD_ASN_T4_002_HIT
ASN_U_001,裂杀闪瞬灭,ASN,U,active,280,0,120,22,15,26,3,box:0.9x0.9x2.5,2.5,-,0.84,phys,5,14,0,8.0,none,SA:0-22f,-,0,0,0,none,0,五招按序连击+25%总伤;乱序无加成,75级,75,job_change,AM_ASN_U_001,VX_ASN_U_001_HIT,SD_ASN_U_001_HIT
ASN_T2_006,迎风,ASN,T2,active,20,0,3,4,-,6,-,self,2.0,-,0,none,-,0,0,-,none,none,-,0,0,0,any,0,步法:向后2m,-,20,job_change,AM_ASN_T2_006,VX_ASN_T2_006,SD_ASN_T2_006
ASN_T2_007,逆雷,ASN,T2,active,20,0,3,4,-,6,-,self,2.0,-,0,none,-,0,0,-,none,none,-,0,0,0,any,0,步法:向前2m,-,20,job_change,AM_ASN_T2_007,VX_ASN_T2_007,SD_ASN_T2_007
ASN_T2_008,转火,ASN,T2,active,20,0,3,4,-,6,-,self,2.0,-,0,none,-,0,0,-,none,none,-,0,0,0,any,0,步法:左右2m,-,25,job_change,AM_ASN_T2_008,VX_ASN_T2_008,SD_ASN_T2_008
ASN_T2_009,立冰,ASN,T2,active,20,0,3,4,-,6,-,self,0,-,0,none,-,0,0,-,none,none,-,0,0,0,any,0,步法:原地定身微调,-,25,job_change,AM_ASN_T2_009,VX_ASN_T2_009,SD_ASN_T2_009
ASN_PAS_001,暗杀艺术,ASN,PAS,passive,0,0,0,-,-,-,-,none,-,-,0,none,-,0,0,-,none,none,-,0,0,0,-,0,背击额外+20%(合计×1.44),转职被动（原著）,20,job_change,AM_ASN_PAS_001,VX_ASN_PAS_001,SD_ASN_PAS_001
ASN_PAS_002,空跃,ASN,PAS,passive,0,0,0,-,-,-,-,none,-,-,0,none,-,0,0,-,none,none,-,0,0,0,-,0,空中再次使用一次跳跃,15级被动（原著）,15,normal,AM_ASN_PAS_002,VX_ASN_PAS_002,SD_ASN_PAS_002
THF_BAS_001,短剑一段,THF,BAS,basic,0,0,0,7,2,10,-,box:0.7x0.7x1.6,1.6,-,0.28,phys,1,10,0,-,none,none,-,0,0,0,any,0,-,Skill-Spec补全:GDD缺普攻链,1,normal,AM_THF_BAS_001,VX_THF_BAS_001_HIT,SD_THF_BAS_001_HIT
THF_BAS_002,短剑二段,THF,BAS,basic,0,0,0,7,2,10,-,box:0.7x0.7x1.6,1.6,-,0.30,phys,1,10,0,-,none,none,-,0,0,0,any,0,-,GDD-GAP,1,normal,AM_THF_BAS_002,VX_THF_BAS_002_HIT,SD_THF_BAS_002_HIT
THF_BAS_003,短剑三段,THF,BAS,basic,0,0,0,9,3,12,-,box:0.8x0.8x1.8,1.8,-,0.42,phys,1,14,1.0,-,none,none,-,0,0,0,any,0,-,GDD-GAP,1,normal,AM_THF_BAS_003,VX_THF_BAS_003_HIT,SD_THF_BAS_003_HIT
THF_T1_001,潜行,THF,T1,buff,45,0,20,6,持续,8,-,none,-,-,0,none,-,0,0,-,none,none,-,0,0,0,any,0,完全隐身:移速60%(满阶85%);攻击/耗耐解除,正面2m内不可发起,5,normal,AM_THF_T1_001,VX_THF_T1_001,SD_THF_T1_001
THF_T1_002,陷阱扣,THF,T1,deploy,45,0,12,12,-,8,-,deploy:r1.5:触发,12.0,-,0,none,-,0,0,-,root:1.5s;打断攻击,none,none,0,0,0,-,0,限制移动+打断攻击,不打断技能（原著）,1,normal,AM_THF_T1_002,VX_THF_T1_002,SD_THF_T1_002
THF_T2_001,毒云陷阱,THF,T2,deploy,60,0,14,12,-,10,-,deploy:r2.5:触发,12.0,-,1.00,dark,-,10,0,-,poison:35:持续;僵直0.3s,none,none,0,0,0,-,0,持续中毒+触发小僵直,-,10,normal,AM_THF_T2_001,VX_THF_T2_001_HIT,SD_THF_T2_001_HIT
THF_T2_002,火焰陷阱,THF,T2,deploy,60,0,14,12,-,10,-,deploy:r2.5:触发,12.0,-,1.11,fire,-,15,0,-,burn:50:持续,none,none,0,0,0,-,0,伤害高且持续,不限制行动（原著）,15,normal,AM_THF_T2_002,VX_THF_T2_002_HIT,SD_THF_T2_002_HIT
THF_T3_001,沙暴陷阱,THF,T3,deploy,75,0,20,14,-,12,-,deploy:r3.0:触发,12.0,-,0.55,phys,-,15,0,-,blind:3s,none,none,0,0,0,-,0,伤害+失明,高阶陷阱,35,job_change,AM_THF_T3_001,VX_THF_T3_001_HIT,SD_THF_T3_001_HIT
THF_T3_002,暗影陷阱,THF,T3,deploy,85,0,25,14,-,12,-,deploy:r2.0:触发+瞬移,12.0,-,0,none,-,0,0,-,none,none,-,0,0,0,-,0,触发后盗贼立即出现在陷阱位置,陷阱即传送门（原著）,40,job_change,AM_THF_T3_002,VX_THF_T3_002,SD_THF_T3_002
THF_T1_003,陷阱解除,THF,T1,active,25,0,8,8,-,8,-,circle:r3.0,3.0,-,0,none,-,0,0,-,none,none,-,0,0,0,any,0,拔除非己方陷阱,反制陷阱系,25,job_change,AM_THF_T1_003,VX_THF_T1_003,SD_THF_T1_003
THF_T2_003,脱逃,THF,T2,buff,55,0,25,6,持续,8,-,none,-,-,0,none,-,0,0,-,none,none,-,0,0,0,any,0,下一次所受攻击无效化(满阶100%),一次免击,25,job_change,AM_THF_T2_003,VX_THF_T2_003,SD_THF_T2_003
THF_T2_004,偷袭,THF,T2,active,60,0,12,10,3,12,-,box:0.8x0.8x1.8,1.8,-,1.20,phys,1,0,0,-,僵直:3s,none,none,0,0,0,T2+,0,二倍刺杀伤害,潜行起手技,20,job_change,AM_THF_T2_004,VX_THF_T2_004_HIT,SD_THF_T2_004_HIT
THF_T2_005,闷棍,THF,T2,active,55,0,18,10,-,10,-,box:0.7x0.7x1.5,1.5,-,0.30,phys,1,0,0,-,stun:1.5s,none,none,0,0,0,T2+,0,眩晕,背击窗口×1.2,25,job_change,AM_THF_T2_005,VX_THF_T2_005_HIT,SD_THF_T2_005_HIT
THF_PAS_001,陷阱精通,THF,PAS,passive,0,0,0,-,-,-,-,none,-,-,0,none,-,0,0,-,none,none,-,0,0,0,-,0,潜行状态可设陷阱不解除,转职被动（原著）,20,job_change,AM_THF_PAS_001,VX_THF_PAS_001,SD_THF_PAS_001
NJA_BAS_001,忍刀一段,NJA,BAS,basic,0,0,0,8,2,11,-,box:0.8x0.8x1.8,1.8,-,0.29,phys,1,11,0,-,none,none,-,0,0,0,any,0,-,Skill-Spec补全:刀+鞘双持判定,1,normal,AM_NJA_BAS_001,VX_NJA_BAS_001_HIT,SD_NJA_BAS_001_HIT
NJA_BAS_002,忍刀二段,NJA,BAS,basic,0,0,0,8,2,11,-,box:0.8x0.8x1.8,1.8,-,0.31,phys,1,11,0,-,none,none,-,0,0,0,any,0,-,GDD-GAP,1,normal,AM_NJA_BAS_002,VX_NJA_BAS_002_HIT,SD_NJA_BAS_002_HIT
NJA_BAS_003,忍刀三段,NJA,BAS,basic,0,0,0,9,3,12,-,fan:r1.8:a100,1.8,100,0.35,phys,1,13,0,-,none,none,-,0,0,0,any,0,-,GDD-GAP,1,normal,AM_NJA_BAS_003,VX_NJA_BAS_003_HIT,SD_NJA_BAS_003_HIT
NJA_BAS_004,忍刀四段,NJA,BAS,basic,0,0,0,12,3,15,-,fan:r1.8:a100,1.8,100,0.45,phys,1,14,1.2,-,none,none,-,0,0,0,any,0,-,GDD-GAP,1,normal,AM_NJA_BAS_004,VX_NJA_BAS_004_HIT,SD_NJA_BAS_004_HIT
NJA_T1_001,断灭,NJA,T1,active,35,0,6,12,4,14,-,fan:r1.8:a90,1.8,90,0.82,phys,1,0,0,7.0,none,none,-,0,0,0,T1+,0,-,忍刀起浮,1,normal,AM_NJA_T1_001,VX_NJA_T1_001_HIT,SD_NJA_T1_001_HIT
NJA_T1_002,手里剑,NJA,T1,active,25,0,3,8,-,8,-,proj:35m/s:12m,12.0,-,0.70,phys,1,8,0,-,none,none,-,0,1,0,any,0,操作可一次发射1-3枚,忍具×10/局,5,normal,AM_NJA_T1_002,VX_NJA_T1_002_HIT,SD_NJA_T1_002_HIT
NJA_T2_001,疾风手里剑,NJA,T2,active,45,0,8,10,-,10,-,proj:45m/s:14m,14.0,-,1.05,phys,1,14,0,-,none,none,-,0,1,0,T2+,0,手里剑加强版,忍具,25,job_change,AM_NJA_T2_001,VX_NJA_T2_001_HIT,SD_NJA_T2_001_HIT
NJA_T1_003,忍具·烟玉,NJA,T1,active,40,0,10,6,3s,8,-,zone:r3.0:3s,3.0,-,0,none,-,0,0,-,blind:烟内,none,none,0,0,0,any,0,一瞬间炸满全场,忍具×3/局;范围小,15,normal,AM_NJA_T1_003,VX_NJA_T1_003,SD_NJA_T1_003
NJA_T1_004,忍具·撒菱,NJA,T1,deploy,35,0,12,8,-,8,-,deploy:r1.5,8.0,-,0.70,phys,-,0,0,-,slow:40%:4s,none,none,0,0,0,-,0,踩中移动力受损,忍具×2/局,20,job_change,AM_NJA_T1_004,VX_NJA_T1_004_HIT,SD_NJA_T1_004_HIT
NJA_T2_002,影分身术,NJA,T2,active,60,0,16,14,8s,10,-,self:假身+真身换位,4.0,-,0,none,-,0,0,-,none,none,-,0,0,0,any,0,假身吸引敌人;PVP常当瞬移用,20级以下唯一需结印,10,normal,AM_NJA_T2_002,VX_NJA_T2_002,SD_NJA_T2_002
NJA_T2_003,忍法·火炎斩,NJA,T2,active,55,0,11,12,-,12,-,fan:r2.0:a110,2.0,110,1.16,fire,1,14,0,-,burn:50:3s,none,none,0,0,0,T2+,0,忍刀出鞘化身火焰,-,25,job_change,AM_NJA_T2_003,VX_NJA_T2_003_HIT,SD_NJA_T2_003_HIT
NJA_T2_004,忍法·空蝉双杀,NJA,T2,active,60,0,12,12,6,14,3,fan:r2.0:a160,2.0,160,0.59,phys,2,12,0,-,none,none,-,0,0,0,T2+,0,刀与鞘交叉分袭左右,可操作打同一目标,30,job_change,AM_NJA_T2_004,VX_NJA_T2_004_HIT,SD_NJA_T2_004_HIT
NJA_T2_005,忍法·雀落,NJA,T2,active,60,0,13,10,-,10,-,fan:r2.2:a120,2.2,120,1.15,phys,1,14,0,-,none,none,-,0,0,0,T2+,0,方向角度随操作任意改变;收招无僵直,45级（原著）,45,job_change,AM_NJA_T2_005,VX_NJA_T2_005_HIT,SD_NJA_T2_005_HIT
NJA_T3_001,背身缚首术,NJA,T3,grab,85,0,24,14,-,16,-,cone:r2.0:a120,2.0,120,1.84,phys,1,0,0,-,none,none,-,0,0,0,T3+,0,需背身120°;绳索套颈背投,50级前（原著）,30,job_change,AM_NJA_T3_001,VX_NJA_T3_001_HIT,SD_NJA_T3_001_HIT
NJA_T3_002,地心斩首术,NJA,T3,active,95,0,28,16,5s,14,-,circle:r2.5:头顶,2.5,-,1.88,phys,1,0,0,7.5,none,none,invincible:地底16-146f,0,0,0,T3+,0,地底潜伏;小幅移动;每局2次,忍刀鞘作吸管（原著35级）,35,job_change,AM_NJA_T3_002,VX_NJA_T3_002_HIT,SD_NJA_T3_002_HIT
NJA_T3_003,忍法·百流斩,NJA,T3,active,90,0,26,16,-,14,-,proj:水牢:r2.0:6s,10.0,-,1.50,ice,1,0,0,-,水牢:封印移动类技能:6s,none,none,0,0,1,T3+,0,内部破坏无效,满阶半分钟→arena6s,40,job_change,AM_NJA_T3_003,VX_NJA_T3_003_HIT,SD_NJA_T3_003_HIT
NJA_T3_004,忍法·遁身之术,NJA,T3,buff,90,0,30,10,8s,10,-,none,-,-,0,none,-,0,0,-,none,none,-,0,0,0,any,0,不降移速+可用任何技能+移动攻击全无声,满阶30s→arena8s,40,job_change,AM_NJA_T3_004,VX_NJA_T3_004,SD_NJA_T3_004
NJA_T3_005,忍法·替身术,NJA,T3,active,85,0,30,6,-,6,-,self:随机8m,8.0,-,0,none,-,0,0,-,none,none,invincible:6-12f,0,0,0,any,0,被打瞬间自动触发:草人替身+真身随机传送,随机是双刃剑,30,job_change,AM_NJA_T3_005,VX_NJA_T3_005,SD_NJA_T3_005
NJA_T2_006,忍法·缩地术,NJA,T2,active,55,0,14,6,-,8,-,self,6.0,-,0,none,-,0,0,-,none,none,-,0,0,0,any,0,一步跨出刹那拉近,位移6m,25,job_change,AM_NJA_T2_006,VX_NJA_T2_006,SD_NJA_T2_006
NJA_T3_006,忍法·乱身冲,NJA,T3,active,80,0,24,8,-,10,-,self:三段2m×3,6.0,-,0,none,-,0,0,-,none,none,invincible:8-20f,0,0,0,any,0,高速移动追袭:空中如闪烁,可变向,35,job_change,AM_NJA_T3_006,VX_NJA_T3_006,SD_NJA_T3_006
NJA_T4_001,忍法·樱杀碎月,NJA,T4,active,160,0,55,18,-,20,-,cone:r8:a60,8.0,60,2.51,phys,-,20,0,-,none,none,-,0,1,0,T4+,0,忍刀幻化细碎樱花席卷,75级多段,75,job_change,AM_NJA_T4_001,VX_NJA_T4_001_HIT,SD_NJA_T4_001_HIT
NJA_T4_002,忍法·爆炎龙,NJA,T4,active,160,0,55,20,-,18,-,line:10m,10.0,-,2.53,fire,1,25,1.0,-,burn:60:4s,none,none,0,0,1,T4+,0,三角结印:结印强化+20%范围,75级,75,job_change,AM_NJA_T4_002,VX_NJA_T4_002_HIT,SD_NJA_T4_002_HIT
NJA_U_001,忍法·影舞,NJA,U,active,280,0,120,22,12s,24,-,self:分身×3,12.0,-,0,none,-,0,0,-,none,SA:0-22f,-,0,0,0,none,0,多活动影分身;影舞之心切换(1s CD);标杆被杀自动转移,70级觉醒,70,job_change,AM_NJA_U_001,VX_NJA_U_001,SD_NJA_U_001
WRK_BAS_001,暗影弹,WRK,BAS,basic,0,0,0,9,1,10,-,proj:28m/s:15m,15,-,0.30,dark,1,10,0,-,none,none,-,0,1,0,any,0,-,GDD14.20.4,1,normal,AM_WRK_BAS_001,VX_WRK_BAS_001_HIT,SD_WRK_BAS_001_HIT
WRK_T1_001,诅咒之箭,WRK,T1,active,45,0,7,14,-,12,-,proj:26m/s:18m,18,-,0.08,dark,13,10,0,-,none,none,-,0,1,0,T1+,0,吟唱可蓄力:13枚→满蓄26枚,箭数翻倍（原著）；v0.4压线：有效倍率3.90→1.00（T1名义带上限；13枚箭单枚0.077，持续型光束语义）,10,normal,AM_WRK_T1_001,VX_WRK_T1_001_HIT,SD_WRK_T1_001_HIT
WRK_T1_002,燃烧箭矢,WRK,T1,active,40,0,6,12,-,10,-,proj:30m/s:18m,18,-,0.82,fire,1,12,0,-,burn:40:3s,none,none,0,0,1,T1+,0,短暂吟唱,黑色火焰箭,5,normal,AM_WRK_T1_002,VX_WRK_T1_002_HIT,SD_WRK_T1_002_HIT
WRK_T1_003,切割术,WRK,T1,active,40,0,5,8,-,8,-,proj:32m/s:15m,15,-,0.84,dark,1,10,0,-,none,none,-,0,0,0,T1+,0,瞬发咒术,-,1,normal,AM_WRK_T1_003,VX_WRK_T1_003_HIT,SD_WRK_T1_003_HIT
WRK_T2_001,腐蚀术,WRK,T2,active,55,0,12,12,-,10,-,proj:28m/s:16m,16,-,1.05,dark,1,12,0,-,破防:目标DEF-15%:8s,none,none,0,0,1,T2+,0,-,-,15,normal,AM_WRK_T2_001,VX_WRK_T2_001_HIT,SD_WRK_T2_001_HIT
WRK_T2_002,巫毒术,WRK,T2,active,60,0,14,12,-,10,-,proj:26m/s:16m,16,-,1.04,dark,1,10,0,-,poison:40:8s,none,none,0,0,1,T2+,0,持续掉血状态,-,20,job_change,AM_WRK_T2_002,VX_WRK_T2_002_HIT,SD_WRK_T2_002_HIT
WRK_T2_003,吸血术,WRK,T2,active,65,0,14,14,-,12,-,proj:26m/s:16m,16,-,1.11,dark,1,12,0,-,吸血:治疗自身×1.1,none,none,0,0,1,T2+,0,状态类咒术,-,25,job_change,AM_WRK_T2_003,VX_WRK_T2_003_HIT,SD_WRK_T2_003_HIT
WRK_T2_004,死灵纠缠,WRK,T2,active,65,0,14,12,-,12,-,proj:28m/s:16m,16,-,1.07,dark,1,30,0,-,none,none,-,0,1,0,T2+,0,状态类咒术,硬直30f,25,job_change,AM_WRK_T2_004,VX_WRK_T2_004_HIT,SD_WRK_T2_004_HIT
WRK_T2_005,束缚术,WRK,T2,active,70,0,16,14,2s,12,-,proj:24m/s:16m,16,-,1.00,dark,1,0,0,-,root:2.0s:可拖拽,none,none,0,0,1,T2+,0,弯曲黑光缠绕;操纵手控,原著5s→arena2s,30,job_change,AM_WRK_T2_005,VX_WRK_T2_005_HIT,SD_WRK_T2_005_HIT
WRK_T3_001,暗影烈焰,WRK,T3,active,90,0,22,16,-,14,-,proj:26m/s:18m,18,-,1.79,dark,1,20,0,-,burn:暗火:2s一跳6s;打断吟唱,none,none,0,0,1,T3+,0,暗为主火为辅,持续状态伤害,35,job_change,AM_WRK_T3_001,VX_WRK_T3_001_HIT,SD_WRK_T3_001_HIT
WRK_T3_002,混乱之雨,WRK,T3,active,95,0,24,18,-,14,-,circle:r3.5,3.5,-,0.55,dark,-,15,0,-,confuse:3s@60%,none,none,0,0,1,T3+,0,指令混乱:不强制失控,每局对同一目标1次,40,job_change,AM_WRK_T3_002,VX_WRK_T3_002_HIT,SD_WRK_T3_002_HIT
WRK_T3_003,魔镜,WRK,T3,deploy,95,0,25,14,8s,12,-,deploy:r1.5:悬浮:HP300,10.0,-,0,none,-,0,0,-,反射法术,none,none,0,0,0,-,0,反弹所有法术攻击效果,可由施术者移动悬浮,35,job_change,AM_WRK_T3_003,VX_WRK_T3_003,SD_WRK_T3_003
WRK_T3_004,操纵术,WRK,T3,active,100,0,25,14,持续,12,-,proj:锁链:16m,16.0,-,0,none,-,0,0,-,操纵目标移动,none,none,0,0,1,T3+,0,活物加成;牵连可被攻击斩断;持续耗蓝,傀儡师玩法,40,job_change,AM_WRK_T3_004,VX_WRK_T3_004,SD_WRK_T3_004
WRK_T3_005,黑暗之爪,WRK,T3,grab,90,0,22,14,-,16,-,box:1.0x1.0x2.0,2.0,-,0.95,dark,1,0,0,-,none,none,-,0,0,0,T3+,0,强制抓取;混乱状态目标几率被撞出,-,35,job_change,AM_WRK_T3_005,VX_WRK_T3_005_HIT,SD_WRK_T3_005_HIT
WRK_T3_006,鬼影缠身,WRK,T3,active,95,0,24,16,6s,14,20,proj:26m/s:16m,16,-,1.50,dark,-,10,0,-,附身DoT,none,none,0,0,1,T3+,0,结束后33%伤害补充为术士生命,攻防一体,40,job_change,AM_WRK_T3_006,VX_WRK_T3_006_HIT,SD_WRK_T3_006_HIT
WRK_T4_001,击魂术,WRK,T4,active,120,0,45,18,-,14,-,proj:30m/s:18m,18,-,2.34,dark,1,0,0,-,出神:操作无效:1.2s,none,none,0,0,1,T4+,0,可打断任何动作（不只是吟唱）,强打断,50,job_change,AM_WRK_T4_001,VX_WRK_T4_001_HIT,SD_WRK_T4_001_HIT
WRK_T4_002,死亡之门,WRK,T4,active,160,0,55,20,-,20,-,portal:r3.0:触手18身位,18.0,-,2.49,dark,1,25,0,-,拉拽入门内,none,none,0,0,0,T4+,0,自动追击方圆18身位,70级,70,job_change,AM_WRK_T4_002,VX_WRK_T4_002_HIT,SD_WRK_T4_002_HIT
WRK_T4_003,幽魂缠绕,WRK,T4,deploy,165,0,55,18,8s,16,-,zone:r6.0:8s,6.0,-,2.30,dark,-,10,0,-,slow:强;禁闪现,none,none,0,0,0,T4+,0,瞬移/影分身/机械旋翼等全部被打断扯住,75级,75,job_change,AM_WRK_T4_003,VX_WRK_T4_003_HIT,SD_WRK_T4_003_HIT
WRK_U_001,六星光牢,WRK,U,active,280,0,150,26,3.5s,24,-,circle:r2.0,16.0,-,0,dark,-,0,0,-,禁足:完全禁足3.5s:无法解除,none,none,0,0,0,none,0,荣耀第一禁足技能;击杀施术者也不消失,每场1次（原著）,70,job_change,AM_WRK_U_001,VX_WRK_U_001,SD_WRK_U_001
PRI_BAS_001,圣光弹,PRI,BAS,basic,0,0,0,9,1,10,-,proj:28m/s:16m,16,-,0.30,light,1,10,0,-,none,none,-,0,1,0,any,0,-,Skill-Spec补全:GDD缺普攻链行,1,normal,AM_PRI_BAS_001,VX_PRI_BAS_001_HIT,SD_PRI_BAS_001_HIT
PRI_T1_001,圣光惩击,PRI,T1,active,40,0,6,10,-,12,-,proj:30m/s:16m,16,-,0.88,light,1,12,0,-,none,none,-,0,1,0,T1+,0,主输出手段,-,25,job_change,AM_PRI_T1_001,VX_PRI_T1_001_HIT,SD_PRI_T1_001_HIT
PRI_T1_002,治疗术,PRI,T1,heal,60,0,0,24,-,12,-,ally:单体,20.0,-,800,heal,-,0,0,-,none,none,-,0,0,1,any,0,吟唱最短:无CD:回复最少,1v1自疗效率40%（原著5级）,5,normal,AM_PRI_T1_002,VX_PRI_T1_002_HIT,SD_PRI_T1_002_HIT
PRI_T2_001,大回复术,PRI,T2,heal,80,0,8,35,-,14,-,ally:单体,20.0,-,1400,heal,-,0,0,-,none,none,-,0,0,1,any,0,中档吟唱,-,35,job_change,AM_PRI_T2_001,VX_PRI_T2_001_HIT,SD_PRI_T2_001_HIT
PRI_T3_001,圣言回复,PRI,T3,heal,110,0,15,55,-,16,-,ally:单体,20.0,-,2200,heal,-,0,0,-,none,none,-,0,0,1,any,0,吟唱最长回复最多,-,40,job_change,AM_PRI_T3_001,VX_PRI_T3_001_HIT,SD_PRI_T3_001_HIT
PRI_T2_002,小治愈术,PRI,T2,heal,70,0,25,8,-,10,-,ally:单体,20.0,-,900,heal,-,0,0,-,none,none,-,0,0,0,any,0,瞬发:CD长,仇恨极高（原著）,5,normal,AM_PRI_T2_002,VX_PRI_T2_002_HIT,SD_PRI_T2_002_HIT
PRI_T3_002,大治愈术,PRI,T3,heal,110,0,40,8,-,10,-,ally:单体,20.0,-,1600,heal,-,0,0,-,none,none,-,0,0,0,any,0,瞬发:CD长,-,40,job_change,AM_PRI_T3_002,VX_PRI_T3_002_HIT,SD_PRI_T3_002_HIT
PRI_U_001,圣言治愈,PRI,U,heal,220,0,90,8,-,10,-,ally:单体,20.0,-,2400,heal,-,0,0,-,none,none,-,0,0,0,any,0,治疗量澎湃无双:瞬发,CD90s,55,job_change,AM_PRI_U_001,VX_PRI_U_001_HIT,SD_PRI_U_001_HIT
PRI_T2_003,催眠术,PRI,T2,active,75,0,20,18,-,14,-,proj:22m/s:18m,18,-,1.00,dark,1,0,0,-,sleep:2.5s:受击即醒,none,none,0,0,1,T2+,0,必须正对目标:背身无效,原著催眠术（考据归牧师）,30,job_change,AM_PRI_T2_003,VX_PRI_T2_003_HIT,SD_PRI_T2_003_HIT
PRI_T2_004,神圣之火,PRI,T2,active,70,0,14,14,5s,12,20,proj:26m/s:16m:地面燃烧,16,-,1.02,light,-,10,0,-,技能封印:3s;burn:递减,none,none,0,0,1,T2+,0,释放处保持5s燃烧:触碰全效发动,完整机制（原著30级）,30,job_change,AM_PRI_T2_004,VX_PRI_T2_004_HIT,SD_PRI_T2_004_HIT
PRI_T2_005,净化,PRI,T2,active,60,0,12,10,-,10,-,ally:单体,20.0,-,0,none,-,0,0,-,驱散全部异状态,none,invincible:0-6f,0,0,0,any,0,1v1自体/团战友军,0.3s无敌帧,20,job_change,AM_PRI_T2_005,VX_PRI_T2_005,SD_PRI_T2_005
PRI_T3_003,天使之翼,PRI,T3,buff,70,0,25,10,6s,10,-,self:滞空,-,-,0,none,-,0,0,-,none,none,-,0,0,0,any,0,滞空不落地:可平移不可上升,下降=取消,35,job_change,AM_PRI_T3_003,VX_PRI_T3_003,SD_PRI_T3_003
PRI_T1_003,专注,PRI,T1,active,40,0,15,8,-,8,-,self,-,-,0,none,-,0,0,-,none,none,-,0,0,0,any,0,解除被嘲讽状态,对骑士挑衅的答案,15,normal,AM_PRI_T1_003,VX_PRI_T1_003,SD_PRI_T1_003
PRI_T3_004,神佑之光,PRI,T3,channel,130,0,30,40,4s,16,20,aura:r5.0,5.0,-,1200,heal,-,0,0,-,none,none,-,0,0,1,any,0,吟唱光幕内所有角色含自己,耗蓝可观性价比不高（原著）,45,job_change,AM_PRI_T3_004,VX_PRI_T3_004_HIT,SD_PRI_T3_004_HIT
PRI_T4_001,圣诫之光,PRI,T4,active,130,0,50,16,6s,14,-,aura:r4.0,4.0,-,0,light,-,0,0,-,目标所受伤害+30%:6s,none,none,0,0,0,any,0,增伤光环,可给队友铺伤害,50,job_change,AM_PRI_T4_001,VX_PRI_T4_001,SD_PRI_T4_001
PRI_T3_005,希望祷言,PRI,T3,heal,0,0,60,40,-,12,-,ally:单体,20.0,-,30%蓝,none,-,0,0,-,none,none,-,0,0,1,any,0,回蓝30-60%,原著CD10min→arena60s,50,job_change,AM_PRI_T3_005,VX_PRI_T3_005_HIT,SD_PRI_T3_005_HIT
GAN_BAS_001,权杖击一段,GAN,BAS,basic,0,0,0,10,3,13,-,fan:r2.2:a90,2.2,90,0.34,phys,1,12,0,-,none,none,-,0,0,0,any,0,-,Skill-Spec补全:GDD缺普攻链,1,normal,AM_GAN_BAS_001,VX_GAN_BAS_001_HIT,SD_GAN_BAS_001_HIT
GAN_BAS_002,权杖击二段,GAN,BAS,basic,0,0,0,11,3,14,-,fan:r2.2:a100,2.2,100,0.38,phys,1,14,1.0,-,none,none,-,0,0,0,any,0,-,GDD-GAP,1,normal,AM_GAN_BAS_002,VX_GAN_BAS_002_HIT,SD_GAN_BAS_002_HIT
GAN_T1_001,圣光打,GAN,T1,counter,45,0,8,12,4,14,-,cone:r2.2:a120,2.2,120,0.55,phys,1,20,2.0,-,none,none,-,0,0,0,any,0,将攻击完全打飞:物理法术通吃,弹开（原著）,20,job_change,AM_GAN_T1_001,VX_GAN_T1_001_HIT,SD_GAN_T1_001_HIT
GAN_T1_002,恢复术,GAN,T1,heal,55,0,20,10,18s,10,-,self,-,-,200,heal,-,0,0,-,none,none,-,0,0,0,any,0,每3s回复一次:满阶18s,持续自回（原著）,5,normal,AM_GAN_T1_002,VX_GAN_T1_002_HIT,SD_GAN_T1_002_HIT
GAN_T1_003,生命激活,GAN,T1,buff,50,0,25,10,8s,10,-,self,-,-,0,none,-,0,0,-,none,none,-,0,0,0,any,0,生命自回加速+100%/跳,配合回血装备（原著）,20,job_change,AM_GAN_T1_003,VX_GAN_T1_003,SD_GAN_T1_003
GAN_T1_004,坚定意志,GAN,T1,buff,45,0,20,8,12s,8,-,self,-,-,0,none,-,0,0,-,none,none,-,0,0,0,any,0,自身DEF+15%,-,20,job_change,AM_GAN_T1_004,VX_GAN_T1_004,SD_GAN_T1_004
GAN_T2_001,圣盾术,GAN,T2,buff,80,0,25,12,4s,12,-,circle:r2.5,2.5,-,0,none,-,0,0,-,none,none,-,0,0,0,any,0,完全免伤4s:移动即取消,完全防御（原著）,20,job_change,AM_GAN_T2_001,VX_GAN_T2_001,SD_GAN_T2_001
GAN_T2_002,净化,GAN,T2,active,60,0,14,10,-,10,-,self,-,-,0,none,-,0,0,-,驱散:初阶1个→满阶3个,none,none,0,0,0,any,0,驱除异状态,与牧师净化区分：次数成长,20,job_change,AM_GAN_T2_002,VX_GAN_T2_002,SD_GAN_T2_002
GAN_T3_001,极限生存,GAN,T3,buff,90,0,35,10,8s,10,-,self,-,-,0,none,-,0,0,-,none,none,-,0,0,0,any,0,HP<30%触发:DEF+25%+恢复加速,绝境技,20,job_change,AM_GAN_T3_001,VX_GAN_T3_001,SD_GAN_T3_001
GAN_T3_002,守护美德,GAN,T3,active,90,0,30,12,8s,12,-,aura:r5.0,5.0,-,0,none,-,0,0,-,none,none,-,0,0,0,any,0,罩内队友减伤20%(1v1自身15%),团战定位技,15,normal,AM_GAN_T3_002,VX_GAN_T3_002,SD_GAN_T3_002
GAN_U_001,天使威光,GAN,U,active,280,0,120,26,-,24,-,circle:r5.0,5.0,-,4.20,light,1,0,4.0,-,none,SSA:0-26f,-,0,0,0,none,0,无视霸体击退,原著CD2:45→arena120s,20,job_change,AM_GAN_U_001,VX_GAN_U_001_HIT,SD_GAN_U_001_HIT
KNI_BAS_001,剑盾一段,KNI,BAS,basic,0,0,0,10,3,14,-,fan:r2.0:a90,2.0,90,0.35,phys,1,12,0,-,none,none,-,0,0,0,any,0,-,v0.2值沿用,1,normal,AM_KNI_BAS_001,VX_KNI_BAS_001_HIT,SD_KNI_BAS_001_HIT
KNI_BAS_002,剑盾二段,KNI,BAS,basic,0,0,0,11,3,15,-,fan:r2.0:a90,2.0,90,0.38,phys,1,14,0,-,none,none,-,0,0,0,any,0,-,-,1,normal,AM_KNI_BAS_002,VX_KNI_BAS_002_HIT,SD_KNI_BAS_002_HIT
KNI_BAS_003,盾击收尾,KNI,BAS,basic,0,0,0,14,4,18,-,fan:r2.0:a100,2.0,100,0.50,phys,1,16,1.5,-,none,none,-,0,0,0,any,0,-,盾击击退收尾,1,normal,AM_KNI_BAS_003,VX_KNI_BAS_003_HIT,SD_KNI_BAS_003_HIT
KNI_T1_001,击退,KNI,T1,active,35,0,7,12,4,14,-,fan:r2.0:a90,2.0,90,0.80,phys,1,14,2.5,-,none,none,-,0,0,0,T1+,0,推后作用:位移效果好,名字就叫击退（原著）,10,normal,AM_KNI_T1_001,VX_KNI_T1_001_HIT,SD_KNI_T1_001_HIT
KNI_T1_002,落凤锤,KNI,T1,active,45,0,10,14,-,14,-,circle:r3.0,3.0,-,0.84,phys,1,0,1.0,-,none,none,-,1,0,0,T1+,0,小范围震地波,倒地,15,normal,AM_KNI_T1_002,VX_KNI_T1_002_HIT,SD_KNI_T1_002_HIT
KNI_T2_001,星落锤,KNI,T2,active,55,0,14,14,-,14,-,proj:30m/s:14m,14.0,-,1.15,phys,1,20,0,-,none,none,-,0,1,0,T2+,0,可打断远程攻击,反狙击技,25,job_change,AM_KNI_T2_001,VX_KNI_T2_001_HIT,SD_KNI_T2_001_HIT
KNI_T2_002,盾击,KNI,T2,active,50,0,10,12,3,14,-,box:1.0x1.0x1.8,1.8,-,0.55,phys,1,0,1.0,-,stun:1.0s,none,none,0,0,0,T2+,0,命中直接眩晕,45级前（原著）,20,job_change,AM_KNI_T2_002,VX_KNI_T2_002_HIT,SD_KNI_T2_002_HIT
KNI_T2_003,冲锋,KNI,T2,active,70,0,14,12,4,16,-,box:1.2x1.5x8.0,8.0,-,1.18,phys,1,0,2.0,-,none,SA:12-16f,-,0,0,0,T2+,0,骑士精神→英勇冲锋:不停歇,倒地,25,job_change,AM_KNI_T2_003,VX_KNI_T2_003_HIT,SD_KNI_T2_003_HIT
KNI_T2_004,英勇跳跃,KNI,T2,active,60,0,14,14,-,16,-,circle:r3.0:落点,7.0,-,1.20,phys,1,20,1.0,-,none,none,-,1,0,0,T2+,0,骑士精神→按目标防御均摊,-,30,job_change,AM_KNI_T2_004,VX_KNI_T2_004_HIT,SD_KNI_T2_004_HIT
KNI_T3_001,挑衅,KNI,T3,active,75,0,25,12,-,12,-,cone:r8:a60,8.0,60,0,none,-,0,0,-,taunt:3s(荣誉5s),none,none,0,0,0,any,0,目标只能以挑衅者为攻击目标,1v1=节奏剥夺,35,job_change,AM_KNI_T3_001,VX_KNI_T3_001,SD_KNI_T3_001
KNI_T3_002,吼叫,KNI,T3,active,80,0,30,14,-,14,-,circle:r6.0,6.0,-,0,none,-,0,0,-,taunt:群体:强制攻击一次,none,none,0,0,0,any,0,群体版挑衅,骑士精神→牺牲吼叫,40,job_change,AM_KNI_T3_002,VX_KNI_T3_002,SD_KNI_T3_002
KNI_T2_005,盾墙,KNI,T2,buff,70,0,20,8,6s,12,-,cone:r2.0:a120,2.0,120,0,none,-,0,0,-,none,none,-,0,0,0,any,0,正面减伤85%,移动碉堡,25,job_change,AM_KNI_T2_005,VX_KNI_T2_005,SD_KNI_T2_005
KNI_T1_003,固守,KNI,T1,buff,55,0,18,8,6s,10,-,self,-,-,0,none,-,0,0,-,none,SA:8-388f,-,0,0,0,any,0,原地减伤70%+免击退,-,20,job_change,AM_KNI_T1_003,VX_KNI_T1_003,SD_KNI_T1_003
KNI_T3_003,法术反射,KNI,T3,counter,85,0,25,10,2s,12,-,cone:r2.0:a90,2.0,90,0,none,-,0,0,-,反射法术,none,none,0,0,0,any,0,2s窗口,-,35,job_change,AM_KNI_T3_003,VX_KNI_T3_003,SD_KNI_T3_003
KNI_T3_004,盾反,KNI,T3,counter,95,0,30,6,1.5s,14,-,cone:r2.0:a90,2.0,90,0,none,-,0,0,-,反噬:伤害+效果,none,none,0,0,0,any,0,系统强制判定:连控制效果一起反弹,6f触发窗,40,job_change,AM_KNI_T3_004,VX_KNI_T3_004,SD_KNI_T3_004
KNI_T3_005,风暴反击,KNI,T3,active,95,0,30,12,10s,14,-,self,-,-,0,none,-,0,0,-,none,none,-,0,0,0,any,0,盾吸收→剑按比例反击;骑士精神→诚实版100%,自身不免疫伤害,40,job_change,AM_KNI_T3_005,VX_KNI_T3_005,SD_KNI_T3_005
KNI_T3_006,静如止水,KNI,T3,buff,80,0,35,10,-,10,-,self,-,-,0,none,-,0,0,-,解除免疫挑衅/恐惧/混乱,none,none,0,0,0,any,0,-,对流氓/术士的答案,40,job_change,AM_KNI_T3_006,VX_KNI_T3_006,SD_KNI_T3_006
KNI_T3_007,不动如山,KNI,T3,buff,85,0,35,10,8s,12,-,self,-,-,0,none,-,0,0,-,免疫挑衅/吼叫,SA:10-498f,-,0,0,0,any,0,加持状态+减伤20%,-,40,job_change,AM_KNI_T3_007,VX_KNI_T3_007,SD_KNI_T3_007
KNI_T4_001,十字军审判,KNI,T4,active,160,0,55,14,2s,20,15,fan:r2.2:a100:移动中,2.2,100,0.38,phys,8,12,0,-,none,none,-,0,0,0,T4+,0,操作维持连续攻击:保持冲锋移速;每段=前段基础+累计,70级（原著六阶3-8段）；v0.4压线：有效倍率9.60→3.00封顶（§8.5连段红线/单发25%上限），8段改为均分递增语义见实现注记,70,job_change,AM_KNI_T4_001,VX_KNI_T4_001_HIT,SD_KNI_T4_001_HIT
KNI_T4_002,十字军制裁,KNI,T4,active,150,0,50,20,-,18,-,fan:r2.4:a110,2.4,110,2.20,phys,1,0,3.0,-,stun:1.0s,none,none,0,0,0,T4+,0,眩晕+击退,-,50,job_change,AM_KNI_T4_002,VX_KNI_T4_002_HIT,SD_KNI_T4_002_HIT
KNI_U_001,骑士精神,KNI,U,buff,280,0,120,24,12s,26,-,none,-,-,0,none,-,0,0,-,none,SSA:24-744f,-,0,0,0,none,0,八美德全技能强化+重置除本技外全部CD,觉醒（原著CD5min）,50,awakening,AM_KNI_U_001,VX_KNI_U_001,SD_KNI_U_001
EXO_BAS_001,战镰一段,EXO,BAS,basic,0,0,0,9,3,12,-,fan:r2.8:a120,2.8,120,0.32,phys,1,12,0,-,none,none,-,0,0,0,any,0,-,Skill-Spec补全:GDD缺普攻链,1,normal,AM_EXO_BAS_001,VX_EXO_BAS_001_HIT,SD_EXO_BAS_001_HIT
EXO_BAS_002,战镰二段,EXO,BAS,basic,0,0,0,9,3,12,-,fan:r2.8:a120,2.8,120,0.34,phys,1,12,0,-,none,none,-,0,0,0,any,0,-,GDD-GAP,1,normal,AM_EXO_BAS_002,VX_EXO_BAS_002_HIT,SD_EXO_BAS_002_HIT
EXO_BAS_003,战镰三段,EXO,BAS,basic,0,0,0,10,3,13,-,fan:r2.8:a120,2.8,120,0.38,phys,1,13,0,-,none,none,-,0,0,0,any,0,-,GDD-GAP,1,normal,AM_EXO_BAS_003,VX_EXO_BAS_003_HIT,SD_EXO_BAS_003_HIT
EXO_BAS_004,战镰四段,EXO,BAS,basic,0,0,0,13,4,16,-,fan:r2.8:a130,2.8,130,0.48,phys,1,15,1.2,-,none,none,-,0,0,0,any,0,-,GDD-GAP,1,normal,AM_EXO_BAS_004,VX_EXO_BAS_004_HIT,SD_EXO_BAS_004_HIT
EXO_T1_001,升天阵,EXO,T1,active,55,0,10,14,-,14,-,circle:r3.5,3.5,-,0.84,magic,1,14,0,7.0,none,none,-,0,0,0,T1+,0,法术伤害+浮空,1级习得,1,normal,AM_EXO_T1_001,VX_EXO_T1_001_HIT,SD_EXO_T1_001_HIT
EXO_T1_002,旋风,EXO,T1,active,50,0,9,12,1.5s,14,9,circle:r2.8,2.8,-,0.12,phys,8,10,0,-,none,none,-,0,0,0,T1+,1,战镰旋转切割,末段击退2m,20,job_change,AM_EXO_T1_002,VX_EXO_T1_002_HIT,SD_EXO_T1_002_HIT
EXO_T1_003,加速符,EXO,T1,buff,40,0,18,8,8s,8,-,self/-,12.0,-,0,none,-,0,0,-,none,none,-,0,0,0,any,0,移速+25%,可给队友（团战）,15,normal,AM_EXO_T1_003,VX_EXO_T1_003,SD_EXO_T1_003
EXO_T2_001,落雷符,EXO,T2,active,60,0,12,12,-,12,-,circle:r2.0:延迟0.3s,12.0,-,1.20,light,1,20,0,-,paralysis:0.5s,none,none,0,0,0,T2+,0,半空滚雷落下,-,20,job_change,AM_EXO_T2_001,VX_EXO_T2_001_HIT,SD_EXO_T2_001_HIT
EXO_T2_002,寒冰符,EXO,T2,active,60,0,12,12,-,12,-,proj:26m/s:12m,12.0,-,0.70,ice,1,12,0,-,冻结值+50,none,none,0,0,1,T2+,0,冻结效果,符咒,25,job_change,AM_EXO_T2_002,VX_EXO_T2_002_HIT,SD_EXO_T2_002_HIT
EXO_T2_003,烈焰符,EXO,T2,active,55,0,12,10,4s,10,-,proj:贴符,10.0,-,1.04,fire,-,10,0,-,burn:40:4s,none,none,0,0,1,T2+,0,周身焰起持续伤害,符咒,25,job_change,AM_EXO_T2_003,VX_EXO_T2_003_HIT,SD_EXO_T2_003_HIT
EXO_T2_004,爆炎符,EXO,T2,active,60,0,12,12,-,12,-,proj:30m/s:12m,12.0,-,1.20,fire,1,15,1.0,-,none,none,-,0,1,0,T2+,0,火系攻击,符咒,25,job_change,AM_EXO_T2_004,VX_EXO_T2_004_HIT,SD_EXO_T2_004_HIT
EXO_T2_005,硬身符,EXO,T2,buff,60,0,25,8,6s,8,-,self,-,-,0,none,-,0,0,-,none,SA:8-368f,-,0,0,0,any,0,霸体技能,驱魔师霸体来源,30,job_change,AM_EXO_T2_005,VX_EXO_T2_005,SD_EXO_T2_005
EXO_T2_006,静心符,EXO,T2,active,50,0,20,8,-,8,-,self,-,-,0,none,-,0,0,-,解除被嘲讽,none,none,0,0,0,any,0,解除嘲讽,符咒,25,job_change,AM_EXO_T2_006,VX_EXO_T2_006,SD_EXO_T2_006
EXO_T3_001,定身符,EXO,T3,active,80,0,22,12,-,12,-,proj:24m/s:12m,12.0,-,0.40,dark,1,0,0,-,root:1.8s,none,none,0,0,1,T3+,0,定身,符咒,35,job_change,AM_EXO_T3_001,VX_EXO_T3_001_HIT,SD_EXO_T3_001_HIT
EXO_T3_002,星落,EXO,T3,active,90,0,24,16,-,16,-,circle:r2.5:天坠,15.0,-,1.98,phys,1,25,1.5,-,none,none,-,0,0,0,T3+,0,武器掷天化流星坠落;需魂御抓回,与魂御联动,1,normal,AM_EXO_T3_002,VX_EXO_T3_002_HIT,SD_EXO_T3_002_HIT
EXO_T2_007,魂御,EXO,T2,active,50,0,10,8,飞行,8,-,proj:武器:25m:往返,15.0,-,0.70,phys,2,15,1.0,-,none,none,-,0,1,0,T2+,0,武器飞出+远距抓回;抓回瞬间抓取判定(可抓浮空),签名机制（原著）,1,normal,AM_EXO_T2_007,VX_EXO_T2_007_HIT,SD_EXO_T2_007_HIT
EXO_T3_003,勾魂,EXO,T3,active,85,0,24,14,-,14,-,proj:28m/s:12m,12.0,-,1.81,dark,1,20,0,-,拉拽:目标向自身2.5m,none,none,0,0,1,T3+,0,勾魂拉拽,-,1,normal,AM_EXO_T3_003,VX_EXO_T3_003_HIT,SD_EXO_T3_003_HIT
EXO_T4_001,飞火流星,EXO,T4,active,155,0,50,18,-,18,-,circle:r4.0:天坠,15.0,-,2.55,phys,1,0,1.5,-,none,none,-,1,0,0,T4+,0,星落强化:炸裂击飞7.5,-,50,job_change,AM_EXO_T4_001,VX_EXO_T4_001_HIT,SD_EXO_T4_001_HIT
EXO_U_001,封禁符,EXO,U,active,280,0,120,22,-,22,-,proj:30m/s:14m,14.0,-,0,dark,1,0,0,-,技能封禁:指定一技能8s(U档4s),none,none,0,0,1,none,0,每场1次,原著封装备1min→arena化,75,job_change,AM_EXO_U_001,VX_EXO_U_001,SD_EXO_U_001
UNS_BAS_001,万象伞·伞形态,UNS,BAS,basic,0,0,0,10,3,13,-,fan:r1.8:a90,1.8,90,0.30,phys,1,12,0,-,none,none,-,0,0,0,any,0,形态:伞:格挡开合,-,1,normal,AM_UNS_BAS_001,VX_UNS_BAS_001_HIT,SD_UNS_BAS_001_HIT
UNS_BAS_002,万象伞·战矛形态,UNS,BAS,basic,0,0,0,9,3,12,-,box:0.8x0.8x3.0,3.0,-,0.29,phys,1,12,0,-,none,none,-,0,0,0,any,0,形态:战矛:矛系-5%,-,1,normal,AM_UNS_BAS_002,VX_UNS_BAS_002_HIT,SD_UNS_BAS_002_HIT
UNS_BAS_003,万象伞·直剑形态,UNS,BAS,basic,0,0,0,9,3,13,-,fan:r2.1:a90,2.1,90,0.31,phys,1,12,0,-,none,none,-,0,0,0,any,0,形态:直剑:剑系-5%,-,1,normal,AM_UNS_BAS_003,VX_UNS_BAS_003_HIT,SD_UNS_BAS_003_HIT
UNS_BAS_004,万象伞·双刃形态,UNS,BAS,basic,0,0,0,6,2,10,-,box:0.7x0.7x1.5,1.5,-,0.26,phys,1,10,0,-,none,none,-,0,0,0,any,0,形态:双刃:攻速+15%,-,1,normal,AM_UNS_BAS_004,VX_UNS_BAS_004_HIT,SD_UNS_BAS_004_HIT
UNS_BAS_005,万象伞·盾形态,UNS,BAS,basic,0,0,0,11,3,15,-,fan:r2.0:a90,2.0,90,0.32,phys,1,13,1.4,-,none,none,-,0,0,0,any,0,形态:盾:剑盾-10%,-,1,normal,AM_UNS_BAS_005,VX_UNS_BAS_005_HIT,SD_UNS_BAS_005_HIT
UNS_BAS_006,万象伞·手炮形态,UNS,BAS,basic,0,0,0,10,2,12,-,proj:35m/s:15m,15.0,-,0.21,phys,1,8,0,-,none,none,-,0,1,0,any,0,形态:手炮:炮系-5%,-,1,normal,AM_UNS_BAS_006,VX_UNS_BAS_006_HIT,SD_UNS_BAS_006_HIT
UNS_T1_001,万象切换,UNS,T1,stance,0,0,1,15(0.25s),-,10,-,none,-,-,0,none,-,0,0,-,none,none,-,0,0,0,any,0,六形态切换:0.5s动作:1s CD,不做无动作快切,1,normal,AM_UNS_T1_001,VX_UNS_T1_001,SD_UNS_T1_001
UNS_T1_002,伞护,UNS,T1,buff,40,0,14,16,0.8s,10,-,none,-,-,0,none,-,0,0,-,none,none,-,0,0,0,any,0,800护盾+空中滑翔,伞形态专属,10,normal,AM_UNS_T1_002,VX_UNS_T1_002,SD_UNS_T1_002
UNS_T2_001,炮形态压制,UNS,T2,active,55,0,11,12,9,14,4,proj:35m/s:15m,15.0,-,0.41,phys,3,10,0,-,none,none,-,0,1,0,T2+,0,三连炮,手炮形态专属,20,job_change,AM_UNS_T2_001,VX_UNS_T2_001_HIT,SD_UNS_T2_001_HIT
KNI_T1_004,上斩,KNI,T1,active,35,0,6,12,3,14,-,fan:r2.0:a90,2.0,90,0.79,phys,1,12,0,-,none,none,-,0,0,0,T1+,0,基础剑斩,原著骑士1级技能（用户技能全表）,1,normal,AM_KNI_T1_004,VX_KNI_T1_004_HIT,SD_KNI_T1_004_HIT
